commit,MaxCyclomatic,MaxCyclomaticModified,MaxCyclomaticStrict,MaxNesting
d9545c7f465ed103df44cd93caddfdd265757779,113.0,112.0,154.0,13
8f4496148b643f48ec969f48fdaf5d6d8e6153ed,112.0,111.0,154.0,13
bb0ba9974314da72bba9a6200fa3bd61c4d9eab4,117.0,116.0,154.0,13
dcde8b3dcd8d4411a2311fa0a93ca4ca3b26d61f,117.0,116.0,154.0,13
2fc0f1849bd0d6100719bb53f89f15fbd734157a,117.0,116.0,154.0,13
2e3926b9489cb767b38526a3a72403087053a1d8,113.0,112.0,154.0,13
05a5869a01779e6fb55535aff9b01716aac42dcf,113.0,112.0,154.0,13
577dfd03024f1913c6eba63b43a56d254e694347,117.0,116.0,154.0,13
90a78b83e0b812d1f42501a54372720def4ddd84,113.0,112.0,154.0,13
268ef4d3d07e4cf9909ac060b63b195509391190,117.0,116.0,154.0,13
d66f68ff985f494f3122ab05b532c6e41884ad64,113.0,112.0,154.0,13
7a7d0854ff3cb1bc5b95e9295b9c11089d9a75a6,117.0,116.0,154.0,13
8648eacc1d45a7d25cb4d293549bbe6ae17cbd81,117.0,116.0,154.0,13
5bfc50d6fe58ec38f55efff43220dc3274b4629b,117.0,116.0,154.0,13
1f66975deb8402131fbf7c14330d0c7cdebaeaa2,117.0,116.0,154.0,13
f4beed60d5ef3fdbd31ac5bd3162182fdf2bf0d3,113.0,112.0,154.0,13
3f215b03289ff594f3e4aba7c7a4b774dc4c226e,113.0,112.0,154.0,13
e6273f4da51287363137a24200dd43b87c801b3d,113.0,112.0,154.0,13
6a36e1e7bb64726cc712259aff57179d81361b5d,113.0,112.0,154.0,13
13af774e263341eecdd67e6ca28ecc47d7997152,113.0,112.0,154.0,13
66106691a1b71e445fe5e4d6b8b043dffc7dfe4c,113.0,112.0,154.0,13
b153d2ae9206f752dd383c7bc30a5ab246ee5bcc,117.0,116.0,154.0,13
0f8e831356d4f1a34baf46bb1a6b2d4c89ec9cb8,113.0,112.0,154.0,13
3916adf9978b020f9a9b165f4c1c109046899560,117.0,116.0,154.0,13
d9d501b0683f47f0150ea5c545426f9474cdd350,112.0,111.0,154.0,13
e9980419cb925ba158f3015252e0afa2cea5a1b6,113.0,112.0,154.0,13
9ce2824e4ba56bf0f2017a0e351fa35c22a705ac,117.0,116.0,154.0,13
8e342255224f459ddff4d7f974161ae47d26d1d7,117.0,116.0,154.0,13
0409e0b6dc169b07c05d02e8b62389b1cc975a45,117.0,116.0,154.0,13
73e57aaf4ded85bb5387365f1ebefaabf80cf073,117.0,116.0,154.0,13
a43b68a196652a0c6b054ee4905ac98d1cdcbbb9,113.0,112.0,154.0,13
9e6c1e91a3f06eec45f976ed3ff4e9f445cf7328,113.0,112.0,154.0,13
50b4a7807f5f1db79a0a4f4400c29bc00efbd307,113.0,112.0,154.0,13
f7f90e0f4f58d493242078d17c0eba41dd3f1f79,113.0,112.0,154.0,13
968004c39c65e8a5d1a0b86af75fcf16a5eb6835,113.0,112.0,154.0,13
b051c59a00dbe1b2316d10ac95c789de2ad35d18,113.0,112.0,154.0,13
b15a3e005af07843116c73205742adfbab3d2e82,113.0,112.0,154.0,13
462cbb415e41aa890e78a30a5cc29558baa80b23,111.0,110.0,154.0,13
aa20cbc2e6cc39853dad688fcd7dc51132172fcd,113.0,112.0,154.0,13
2bb73ae8037ae6fd82f002257d04f8cda2a721cd,113.0,112.0,154.0,13
cd82b7a0f7217d82dd04fd95f88f0cb3294199f6,111.0,110.0,154.0,13
d2986d0f290a065fb8a534fabfff36c40d37ae97,113.0,112.0,154.0,13
d615628c354ad2aaf3f3f37b3f84ddcc7c3537c6,113.0,112.0,154.0,13
d3621de789ab57739f48b065751089d828b50240,113.0,112.0,154.0,13
6d5badb2389d5d1d0752a230cd7ee74bb4043893,113.0,112.0,154.0,13
9e6a4cfc38aa81055d0b7d6fb94dc7b31809daa9,113.0,112.0,154.0,13
799e09e5fb9e23e2baae164ddc84a03879db6a6a,113.0,112.0,154.0,13
4aa2c4753d152aef810eaf3f3f4fa1df7035d9b0,113.0,112.0,154.0,13
e2522f2acaec35130520f76c36c711b2011ed310,117.0,116.0,154.0,13
7063693d51778815cfb9a4bc1e4e6d16f13589e7,113.0,112.0,154.0,13
4b0891ffe4ec3aef081cf48c5f9a747586076f7a,113.0,112.0,154.0,13
d2554c7207896136ad2033776efd29578592a3fb,113.0,112.0,154.0,13
51dd3e81d4b5098d7eca9a1370616b8e8f7784c2,113.0,112.0,154.0,13
6f27b941f2664c1653d0c4edcec5686119f0c023,117.0,116.0,154.0,13
22a7233584b1983e2a7337d3b0f2c13f0cc34651,117.0,116.0,154.0,13
ee87a6e7404549d2be738bd54f2f191e8b5ea352,117.0,116.0,154.0,13
30b5ae4d41c7e5b5655fb0e737db4764a17033c0,117.0,116.0,154.0,13
5cae882d27c99604bc654ea35102d17b178affdd,117.0,116.0,154.0,13
901f9c6d42dd9857ecdac76413014c1497d34614,117.0,116.0,154.0,13
6ca4c390933597f20db006445e844797ca7cd2c9,117.0,116.0,154.0,13
6c0c2bf56c7a3484d157661fb4660f5aefe67a83,117.0,116.0,154.0,13
a48f9bb1b31329b29eed9808844c147f613b59ad,117.0,116.0,154.0,13
574f5a59d85153309ea9856f425ca610074e1116,117.0,116.0,154.0,13
b802355863814b331ffc4ae029b228472e874d1f,117.0,116.0,154.0,13
0c1138cbdbf7a82f8373077b77a1878f742a5222,117.0,116.0,154.0,13
b76184e41003c6bd4731d79474c72449f854b37c,117.0,116.0,154.0,13
161fcbe9884466e95cf5b1c7cd22f64a16a24045,117.0,116.0,154.0,13
8bcba3d0d60d859c1494cdb59301cf84befcdfaa,117.0,116.0,154.0,13
7243f5f3507abe3d083ec18e44bc7cb464fa06f4,117.0,116.0,154.0,13
e9c6b279b8226b2ab93a6a550a654640ccc5b256,117.0,116.0,154.0,13
10a9ddba2c3478c8080acc1b2c83d75d09ee2492,117.0,116.0,154.0,13
1ffec303ab043c392e480d37df2b34e40f3d4bd0,117.0,116.0,154.0,13
d7263d097c4510d864f8c9ff808bc9b377f0bf8f,117.0,116.0,154.0,13
71dac5cef57daacb35a56b4b54e1a30bc6417968,117.0,116.0,154.0,13
2f63cea963667d17271d96196b6ef1605790032a,117.0,116.0,154.0,13
c84a86c99526b88cfd7664888ecbfd28f35a025f,117.0,116.0,154.0,13
91b769c48f4cf46d9514770849a1bf9cb33430c3,117.0,116.0,154.0,13
fe17fc0006927246c5905ef9352e7e89a3c5814b,113.0,112.0,154.0,13
fb85db84dcc36dcc3cdd5fc744280334bbe8eb47,113.0,112.0,154.0,13
a1bc3dd46433c6e7e6f1ca5f3bd5429858a60078,117.0,116.0,154.0,13
29e54b019f55f48af3f0d4c62eede86058c16b52,117.0,116.0,154.0,13
6326f199252a1a5fbdea105473f8305d850cdd87,117.0,116.0,154.0,13
0719f3eecd1234f6331cab980088239207e93335,113.0,112.0,154.0,13
6835314459794831a1b88bed56549653710e910c,117.0,116.0,154.0,13
984ad9e56c9d884f7f1aa7d6b2052f3fb082ee5d,117.0,116.0,154.0,13
860a2ebecd26563e6ac0f89c90052b41a17d1703,113.0,112.0,154.0,13
9f23e040615857e3909db51a5420f338c9831b5a,117.0,116.0,154.0,13
c88098d7f19c6322fbd911bb89e2efd246bf75c4,117.0,116.0,154.0,13
d9925d1a714a440f4063f64e1bd776194d2dd918,117.0,116.0,154.0,13
0f974e2124e5220674eee079988b87e23f5e2de1,113.0,112.0,154.0,13
34d8f5a8aa4aa17af3158f325173eb08c9c05eb1,113.0,112.0,154.0,13
a7d4c49a8201f75699bf59852ef8e345f41a12b6,117.0,116.0,154.0,13
f6136f3c39a4e7b9b98c11e69d38e15f5705204b,117.0,116.0,154.0,13
283badc38e99f1dcdbb7bc5f6b5b3ace886b3bfd,117.0,116.0,154.0,13
389c3289cfa5bc0a232ad52df70fae1f6863d1a4,113.0,112.0,154.0,13
0b65a8dbdb38962e700ee16776a3042beb489060,113.0,112.0,154.0,13
71abeb753fa835642acb952316266dde21d7cec6,117.0,116.0,154.0,13
bd8f0055836e7f9c5010d5ed81d3b20a835e44c8,113.0,112.0,154.0,13
b8ba412bf7c38ac86dbaebdf939b0039bacf434c,113.0,112.0,154.0,13
ae9f6311e9c15d7968c2d03eab6e929e9c9d5f42,113.0,112.0,154.0,13
f0bca72dc77f62d61fc355bd6fe6e32b194950b8,113.0,112.0,154.0,13
2a0e6cdedab306eccbd297c051035c13d0266343,117.0,116.0,154.0,13
6f8d9bccb2c3694c62d14225976689c1e8c50fa5,113.0,112.0,154.0,13
b333d0d6f450d4f9c4535fd9fd6e0f4ef367507c,113.0,112.0,154.0,13
634d2344e608c218e8163fe0b14e50ec1a62066a,113.0,112.0,154.0,13
5580b271af518bae30148edfd42cc8459d8da384,113.0,112.0,154.0,13
3a39f61e0468d7aea1a6f57ddbdcc74aaafa8410,113.0,112.0,154.0,13
a28705da929ad746abcb34270947f738549d3246,117.0,116.0,154.0,13
25c7aeb1adee0a62bc53c2f3bf8d051f035f1922,117.0,116.0,154.0,13
efe472813d60befd72d6e2797934c90b22a26c93,117.0,116.0,154.0,13
fa96ea1b883bf83fc488f999c58396bbab1860c1,117.0,116.0,154.0,13
cf596442c6a18268f3f0d95cf7615a613102746f,117.0,116.0,154.0,13
12fd3496d19c33c6401c5fdc7558944d46124a0f,117.0,116.0,154.0,13
3a8af7be8f977cbf393dc77884a9ee6dfd611d95,117.0,116.0,154.0,13
71564516deccafba0a58129bd7d3851e28fdb4bb,117.0,116.0,154.0,13
8a679de6f1a4bd077f828273f75eea46947b5b73,117.0,116.0,154.0,13
8169d0d06ad721aa54d95f044f4b097d79151ea2,117.0,116.0,154.0,13
6e30b2f652d0a6748e2041dee5b5612cafca29b2,117.0,116.0,154.0,13
1354c9b2ded11a2bc24e04b98268a5969b44c666,117.0,116.0,154.0,13
64093fc06a871f71316211a2aea6bb46c49b20ab,113.0,112.0,154.0,13
2721ce21e439ee0726dc69073acd7e0d2b2407b3,117.0,116.0,154.0,13
44f243d356a6402878b2b3e098fd8cfa4fe1aaf5,117.0,116.0,154.0,13
346ef53058ef25f5a7273ee77c03ebc5f732ad77,117.0,116.0,154.0,13
b5f62ebea55a07dbd9f68f33f5efbd0437946220,113.0,112.0,154.0,13
9318c5dd140b55c0384843c57b4b24a378cd5068,113.0,112.0,154.0,13
e8e44de7874f6ea7cdf35b526f790cc7fa8f34e6,113.0,112.0,154.0,13
ef635b9056e23c06b4b5bcb4de294c1f6d9dda24,113.0,112.0,154.0,13
873700c92e01dbd5ccbe5d36878bb96d1bef3c36,113.0,112.0,154.0,13
7fcbd37f9c1b7413b408d0223344d070613777ac,113.0,112.0,154.0,13
45a3e52641fd58c2ebaba2fd2a03308fd6ab8a0a,113.0,112.0,154.0,13
79891cb90a4e5b2680308ba2b757a218b9aaa14c,113.0,112.0,154.0,13
3d9ff4d736475bc74ed249c579b3ad7322e22b85,113.0,112.0,154.0,13
569e554be9cb88047d9f2752750e0c260241f446,113.0,112.0,154.0,13
6d43a0cefd769c650bd114f41434ef5a7aa998e7,113.0,112.0,154.0,13
269a7a831636b7c7a453f6621fc8b440ff28a408,113.0,112.0,154.0,13
cdc37277f904ff5c832f04db9e799bccd9672ea5,113.0,112.0,154.0,13
2997178ee63c76a4c449f35f299e20b32956795a,113.0,112.0,154.0,13
079aa97e24daff1329f041e00ba621b0afd59163,113.0,112.0,154.0,13
cccf74e2da85808478c784e403a69bbfe2b9f518,113.0,112.0,154.0,13
ed008d7bb957ccfbe32c95aad74ee78e0e31de16,113.0,112.0,154.0,13
d993ce1ed2f025708b0f78bed241466e35f1e8a0,113.0,112.0,154.0,13
e1d09701a4fa3a4d15dd005e2b698934e4ae9ae0,113.0,112.0,154.0,13
31da121f2d316575ec3c82dfc0c7442cdb7a7740,113.0,112.0,154.0,13
905f27b86ac1f50c6870a064c3b5b9d82c97a145,117.0,116.0,154.0,13
e26a8c4721ceaf4c59e33bbd4e60f777b7ea9b62,117.0,116.0,154.0,13
19a7f24b6f8aa89ea5899c928c2fa350f4b1521e,111.0,110.0,154.0,13
fcf0fe9e698b7ec3de4e8565030886fc4e4a2757,117.0,116.0,154.0,13
066790d7cb0fa22e64f1276d8a0e33d18484f62a,117.0,116.0,154.0,13
9b35cadc2c7660745264041317f5982e1dde3f88,113.0,112.0,154.0,13
cc6ee97cb30828a9185139f91c4de3439f381c1e,117.0,116.0,154.0,13
4322353bfb53a83e6657af50603d3521ee9d7d0c,117.0,116.0,154.0,13
efee9553a4f97b2ecd8f49be19606dd4cf7d9c28,117.0,116.0,154.0,13
01247e0299b34b9b46d96d5850a24583e39deabe,113.0,112.0,154.0,13
73bc4b4928e0111aa97c9963535223abb6fb2545,117.0,116.0,154.0,13
6d41eb685a709b405ba0119453aaad3ad3888b7c,117.0,116.0,154.0,13
0196c75e14b52558bd071dc86ccf037cdcd60159,117.0,116.0,154.0,13
6d8c5454b6f29568cd4ed231160f82c9579fe1f2,117.0,116.0,154.0,13
ab7797dbe95fff38d9265869ea367020046db118,117.0,116.0,154.0,13
18a74a092bff41f1ffe10bd2463d3eed9a04435d,113.0,112.0,154.0,13
067622b0e8afde8b39884e221b7a56299036f6d9,117.0,116.0,154.0,13
4633a846f5cf085bc11de702d0e78177aa44a907,117.0,116.0,154.0,13
2eed2780f0e36e4a9038d65d9125cde5d5e1d2c6,117.0,116.0,154.0,13
ffeef642310f00bc43341bcb9eeadf06e0fd5904,117.0,116.0,154.0,13
a873924483ec6ec548e94d723fe62875b1a4ec93,117.0,116.0,154.0,13
3bc581b9406e1e9a3f879d379106ee1e3bc48f5c,117.0,116.0,154.0,13
d24b21e9fcaa9ed4b7966275a8d82406f578577d,117.0,116.0,154.0,13
0fe5043dad74352c08447eb1913df0b6c3f2731c,117.0,116.0,154.0,13
2880d16f09635f9d43247b27fd7e6508b992e599,117.0,116.0,154.0,13
c5119dcf493a7b13b6a3e586e8d771a9e1d4975e,117.0,116.0,154.0,13
841caad903f2b160e9f5ff05f961d20ad9085ddc,117.0,116.0,154.0,13
0767172b9068b225c06fd7ce66422e5936ec60a2,113.0,112.0,154.0,13
fdba2cdec47b1760422107c671feef1d2a57b8af,113.0,112.0,154.0,13
bab748371a104c58058c0eff9f4073b710ce0355,113.0,112.0,154.0,13
e3efa94be985c398b2118c3c7f7f9bfe3d056687,117.0,116.0,154.0,13
d2addc3b96886bb4dee71ef36684c8010bc37d16,113.0,112.0,154.0,13
5819c2eeffee489142d62607a5cb19c65167b9e6,113.0,112.0,154.0,13
09667d013c91124ac0ff870322e184f0de53744f,113.0,112.0,154.0,13
f79358279c4b447b1318a922e15705d2a00fc5a2,113.0,112.0,154.0,13
4e1b06da252a7609f0c6641750e6acbec451e698,113.0,112.0,154.0,13
412b9a16a007df93adcc88c0963a31399013ea37,113.0,112.0,154.0,13
6d523a3ab76cfa4ed9ae0ed9da7af43efcff3f07,117.0,116.0,154.0,13
d426430e6ec2a05bf0a4ee88c319dd6072908504,117.0,116.0,154.0,13
adb3356664fbf15646fd90eb1d5ddd9e66ce913f,113.0,112.0,154.0,13
ae989a61dad98debe9899823ca987305f8e8020d,113.0,112.0,154.0,13
9dc3515cf005639317fb95492b3157aadf056923,113.0,112.0,154.0,13
fce04c3ca695d32c1b3c59e1bfc1fb4019025c72,118.0,117.0,154.0,13
6ea57703f660afd00159b67bf8749d90881df3b4,117.0,116.0,154.0,13
4d7b0efc5e2eea1923803dd9c5d5d1288c99cd00,117.0,116.0,154.0,13
11f4eb19843c28b1c50d3c1bef1183e6313b87b8,117.0,116.0,154.0,13
c1496934cfd6603ac3fbf74cc3a16fcd584d5484,117.0,116.0,154.0,13
82f6178af6d8a54718c7f45977622f96af9e6f95,113.0,112.0,154.0,13
60452a30f5971c54ecdcd1bd389c1cabbbc844f5,113.0,112.0,154.0,13
5c1ebcca4d1df3b2a84d01b3f32ec13bf8f760f8,113.0,112.0,154.0,13
5f4e3bf536621675efd51020eb2950986b882e18,113.0,112.0,154.0,13
c2691e2add93453cfbcfe11ffcf2880d107d67f8,117.0,116.0,154.0,13
ef1cf0167a362cd504afdcc0eef4c3200ea6dfbb,113.0,112.0,154.0,13
df5a925523e627cd20ce11f570d418dfae2ac7d8,117.0,116.0,154.0,13
fda65fadb6e98b5b8ea8058bbeaa29d983f335cb,117.0,116.0,154.0,13
269085e16e26d5096b5458ae89d63eb27de26eb7,117.0,116.0,154.0,13
deee904aacccfcba5e38f9803799cd2e3a7d62ce,117.0,116.0,154.0,13
2ff7dff01e620dc87144e076d5bb7e866377df6a,117.0,116.0,154.0,13
cf4c2cfe52be5bd973a4838f73a35d3959ce2f43,117.0,116.0,154.0,13
a52397cce6c1049c3c9507d734243ee125d11f0c,117.0,116.0,154.0,13
2cb040baa6fcb8a6314a54933cbcb4d3fcb60401,117.0,116.0,154.0,13
661c3e9bc064564a492281364413dc805eaddf95,113.0,112.0,154.0,13
3d0a83382f26c5385ffcfa3fb0d9b7d69d998647,113.0,112.0,154.0,13
5f35900849eef5d8cde864fbd06f37c475c22c0a,113.0,112.0,154.0,13
924b7eb1c983c845203a5c2fd80fe499acff6e84,117.0,116.0,154.0,13
afc676f2c9e20a5b38d61c7803468d33e2ff45f2,117.0,116.0,154.0,13
9b561499963d3f8b9ad15f5eae667ec5558f5af1,117.0,116.0,154.0,13
b4da9d62f91d66ab97815007105b42a2aa5846b5,117.0,116.0,154.0,13
4e8161a82e5449976392517968b2d1bb56109b29,117.0,116.0,154.0,13
09bdff29e1b73ce264c7ddc3e19e1269ee7c610e,117.0,116.0,154.0,13
33ba9c648b6753a4184e53ffb89f0a924f9f7b7e,113.0,112.0,154.0,13
054a5aee6f3e8e90d96f7b3f76f5f55752561c59,113.0,112.0,154.0,13
3324dd8f267cb59cdd42ac33727b6844921d5017,113.0,112.0,154.0,13
e51217e15c3eb89d18b313dad32db1787d4f2a44,117.0,116.0,154.0,13
5caeeb83bcb88622db739fe27ee8bfc64e9cbf21,117.0,116.0,154.0,13
9d9babb84d45234132f3cb1f4527ce1106e3d2ec,113.0,112.0,154.0,13
18547aacf5ced88bf83d85b03b2b7b3fc6aa3f6c,113.0,112.0,154.0,13
695f95ba5dc4ab44f327574f85c3ebe7ebf449b1,113.0,112.0,154.0,13
5e5be9e257239b3599701f05518ce9e45f565e9f,113.0,112.0,154.0,13
b8e47d1acfa299299d1120241bdc6164867d1289,113.0,112.0,154.0,13
57f5d52a942e8bbfa82e2741faf050de0d6b3eb3,113.0,112.0,154.0,13
5ce5f5fa5ad3de3c36fdd00df2d5c045ad1d7f04,113.0,112.0,154.0,13
19e9542fa29ec3027a5169ac5d1fc740405dc234,117.0,116.0,154.0,13
03c39b34589897824385c884cd9c5707ba93a238,117.0,116.0,154.0,13
08aade7080ef7955eb356c6590187be3b55dcbcd,113.0,112.0,154.0,13
de61cebde72a15b85b6e6a06ef4c3614b6afdac8,117.0,116.0,154.0,13
023ff39b2994804e4a7b2274b22336bdb37d4a54,113.0,112.0,154.0,13
a199a7c9d07fa883fa219775c0e6069aeb84cdf3,117.0,116.0,154.0,13
6bc91f23a6e14d540ab6950b438d40cf678143f0,117.0,116.0,154.0,13
bc437d10202c015a5733f706dc44fa6bbf4d85b9,117.0,116.0,154.0,13
4df7c8a0375803b952bad31ac29578cfd56a2ac1,117.0,116.0,154.0,13
6523728499e77afaed0008875b19b308682c3f88,113.0,112.0,154.0,13
1f5d429e4a15e909214785e30bb81168932fdc54,117.0,116.0,154.0,13
674d38f55b6d6b9f1cea8821f09670e07c1c7961,117.0,116.0,154.0,13
7758b02b44318cd637f0608d02562d7982bad42d,117.0,116.0,154.0,13
7a738b40f67fc44c2a2c1abcffe474241af3d30e,117.0,116.0,154.0,13
1e4bf907890e094f1c1c8c5086387e7d5fdb0655,117.0,116.0,154.0,13
e25a4ded8a47333a4c71a224927d6df87d7c295e,117.0,116.0,154.0,13
979f030359f6830fbaebd0c76e9aad5f86993fef,117.0,116.0,154.0,13
1d77bed8b02d902f11310f578debe933b90791f6,117.0,116.0,154.0,13
5854b36c4ad53b54954abf738514bf8ae8ad53cc,117.0,116.0,154.0,13
5c589a73de4394ad125a4effac227b3aec856fa1,117.0,116.0,154.0,13
3c8ede3ff312134e84d1b23a309cd7d2a7c98e9c,117.0,116.0,154.0,13
c61b2af7bd2c7225bcf576a39c245cebf9397ead,113.0,112.0,154.0,13
e82675a040d559c56be54255901138a979eeec21,117.0,116.0,154.0,13
deb9c1575c456b9d12ff05fdd2bec516dfb34ae4,113.0,112.0,154.0,13
cbcd2cbd5942cc890c1a1125593e1108c3e6a077,117.0,116.0,154.0,13
3d75bba28d8665ec43f1faffce38d5817c77ebe8,117.0,116.0,154.0,13
ee861e0f78367ff0e94feeb42f721ef83ceec251,117.0,116.0,154.0,13
e04d08a4b3373972717c805ae8e788219b873b2a,117.0,116.0,154.0,13
7eb6e10c9d7f43913615667740d1b22055cfba1f,117.0,116.0,154.0,13
dabd35f4cdd8bcfa502d082da5a3e4b927a2b329,117.0,116.0,154.0,13
54307ea7c3ced760ee375483a786ec7180798aed,117.0,116.0,154.0,13
715a51bcaf4f8625e99a972326bfce3fdace3071,113.0,112.0,154.0,13
d604176d23a69c7f690f0379b82b789732a4278f,117.0,116.0,154.0,13
58142c09a4fe825912e5a2ebfa1ba5f7f6d8beb5,117.0,116.0,154.0,13
6d308627cae4d34c058591de73ce14a52b79cf4e,117.0,116.0,154.0,13
080739ba1db7897dde53427937acc011ea98a006,117.0,116.0,154.0,13
2af7da9f8fb68337030630d88c19db512189babc,117.0,116.0,154.0,13
d751dd11ae16fd4e2410d3a32c8e2d951fafc923,113.0,112.0,154.0,13
89b8710fce0d1b3d99c0a1c218bacb82ff0811e4,117.0,116.0,154.0,13
bb2d8a817df91c68742e10ace2a791de176f7247,117.0,116.0,154.0,13
493ddea54d32cea8e99029a21d16cfdd164d31fd,117.0,116.0,154.0,13
d0ccc82ad8984ccac27cf39cfc1a00dc4fc78eca,118.0,117.0,154.0,13
52debb683198c50354c46a7745d45252b0989c7e,117.0,116.0,154.0,13
5220b7589b09d62e7166799baa98dcd6a1c02804,117.0,116.0,154.0,13
5c9159de87e41cf14ec5f2132afb5a06f35c26b3,117.0,116.0,154.0,13
b1ec08fda8e0c3ed19b680404770ca4ec313ca8c,118.0,117.0,154.0,13
52fcec75ce3a010ef4b2bbd1161da5e5fe301ec7,113.0,112.0,154.0,13
044fb190f75cdec35e56bde30ec214ab144311d9,113.0,112.0,154.0,13
503e22418082d1ec616ec98ab90c6a73cd3ef96f,117.0,116.0,154.0,13
bac233f2c28428c3e2c5279910bc4c027cd0b540,117.0,116.0,154.0,13
211c61c6cf56699fc7b520a0206d23f5e4a7261b,113.0,112.0,154.0,13
1335d76e4569fa84e52dc24c88c04daeae6e160e,113.0,112.0,154.0,13
a903e233f65a3e93cad74007cc0d5a178f712263,113.0,112.0,154.0,13
deb8e15a19790b2c526b599620407d2f5c1cefcb,113.0,112.0,154.0,13
fd2e7dafdeef4e9ba3c023427deb4e21ba5b31a8,117.0,116.0,154.0,13
17966c0a63d25b1cc2dd1e98d30873e643bd581f,117.0,116.0,154.0,13
94e99012fc7a02c5504214294279fa49b4cc8ce3,117.0,116.0,154.0,13
7171a0b0cf5792fd549b601c84b274cd5e4155ed,113.0,112.0,154.0,13
fd3e67474c0b349049ccff5f72a50ef930a56013,113.0,112.0,154.0,13
ec9d224903053e045d99c36149703501098b021c,113.0,112.0,154.0,13
42bd66816bd117ed5e6d15f38dbe9e655ebc76a5,118.0,117.0,154.0,13
79ed43c28f626a4e805f350a77c54968b59be6e9,118.0,117.0,154.0,13
882d49ca5cb6a584a37ab0266b8720b5b0bf2101,113.0,112.0,154.0,13
75676c8c8b6cbeec7ccb68d97c17db230d9f2659,118.0,117.0,154.0,13
16726cfa0c3ad5d0d261bd7068014e659cb989da,113.0,112.0,154.0,13
77a9745d19b2b308c1ce97d18053322d1471bc4c,117.0,116.0,154.0,13
c714e45f87301562b940e3621431ed7f7fbd16e5,117.0,116.0,154.0,13
3ac870300a7bb430341388a8f2ec465328986617,117.0,116.0,154.0,13
6b9c38e14cd3abf9b95cabe8b86954f0c4e94a38,113.0,112.0,154.0,13
e634160bf457f8b3a91125307681c9493f11afb2,117.0,116.0,154.0,13
29493589e97a2de0c4c1c314f61ccafaee3b5caf,118.0,117.0,154.0,13
ecba19531ac68586b4e06f6cc40e92447091bc28,117.0,116.0,154.0,13
49c58d86ceb7816c5f0ca36e38e26cd6b8506d74,113.0,112.0,154.0,13
a9b02de8b79de44ee8f4a0506b65a62f38999bd8,113.0,112.0,154.0,13
993a21b0a05bf2e2063c58e5722c29f5747e39d4,118.0,117.0,154.0,13
7b35efd734e501f9e4692768a8b6aea818c0c93e,118.0,117.0,154.0,13
1cd772cc4124e43b14231dcaeae8a5dddf4ffdb9,118.0,117.0,154.0,13
6d6a782fbf83927212f348f91823d886c5cd6d85,117.0,116.0,154.0,13
c66b470082144471fc95e669eb398c8f320d67c4,113.0,112.0,154.0,13
90cf590f53f2939a47ca7b397e270e8228699829,118.0,117.0,154.0,13
cec9264f17f5cb4a1bc0f41d51c7f62c6bf4784e,118.0,117.0,154.0,13
9ec26e797781239b36ebccb87c590e5778358007,117.0,116.0,154.0,13
8109984d619467ad26c6a76d59b0a5de8a86e6d6,113.0,112.0,154.0,13
508a285ceab4523412546a92cd9444f8e78065e1,113.0,112.0,154.0,13
dc21164e66e39670931d3270f8db4c0ed0e0b816,118.0,117.0,154.0,13
e0e56cbf7f6b249b17b924c92f19580b7348431b,118.0,117.0,154.0,13
7725bebe21dfa4877dad74b1ac3d921f26f949cf,118.0,117.0,154.0,13
63641fb07131bede8273c3b3057792c9dcf7356b,118.0,117.0,154.0,13
a63d31b4d3640960d9a71606eee80c32459f906e,118.0,117.0,154.0,13
df9da64a7c2aee12fd967cb9ff1730312d4b271d,118.0,117.0,154.0,13
39cadeec0db35a79a2713eceaf998f2745236f0c,118.0,117.0,154.0,13
f5236a776f31de2654bca9001aa74ef9fe0819d8,118.0,117.0,154.0,13
96e08010ee5b9d1dbfbcc8561fa69f972a415a38,118.0,117.0,154.0,13
2b6456b8089e42232d80672525edbe411ba41549,118.0,117.0,154.0,13
08bb3500a2a718c3c78b0547c68601cafa7a8fd9,118.0,117.0,154.0,13
da470981defcace6e909b74ebc4ab5a40a702728,118.0,117.0,154.0,13
3be89f9b86cb3891a7865ad004230a50977e3d8c,118.0,117.0,154.0,13
83558686ceaeb634b630d5177818d571cafafbf4,118.0,117.0,154.0,13
68f3c079fe87caab2e116fd9a48bbdedc54be026,113.0,112.0,154.0,13
c6eff44d0d6620e06e7b2ffb09e4c0dfe5c687a4,113.0,112.0,154.0,13
31471ba21ee29886ab856981e52f723c913d7f40,113.0,112.0,154.0,13
accb613afd2298510f6fc02e0ed05ecb84f6a6ff,113.0,112.0,154.0,13
fab60274800efba101b3f08a297639d14ecbf840,113.0,112.0,154.0,13
06dec439a3d00fa0b3141a2d52b33d22b941976c,113.0,112.0,154.0,13
a91e6925f66f6c08bc6e27aa1278c1df0dfffac8,107.0,106.0,173.0,13
280abfd4f5055922e8abcbb988fa0a8df0eef128,113.0,112.0,154.0,13
c0071ae5dc1c610ab3791ece7ccf7d4772fde151,118.0,117.0,154.0,13
eb09121b745e9aa5bbd3fa438f873c3511f48b33,117.0,116.0,154.0,13
d38c7b2c2ce0116215eb05e11d442e9d03b887f4,117.0,116.0,154.0,13
8465541e8ce8eaf16e66ab847086779768c18f2d,113.0,112.0,154.0,13
a8a5d2511871caec259036af95d7dd6287d12925,113.0,112.0,154.0,13
6b34ce90a748ff6bd679c29bc3f37a75a1bd3441,118.0,117.0,154.0,13
702ebbf4e2937accbac8184f87932f961e626a63,118.0,117.0,154.0,13
3cc75c10d781572a073d7dbff4e1695b93a89d48,118.0,117.0,154.0,13
7b01ab562ae14f5e5aedf0c0e769c74925a19809,118.0,117.0,154.0,13
8c6d1f9807c67532e7fb545a944b064faff0f70b,118.0,117.0,154.0,13
d132b32b4e3146e4aa5a719418f85d6db1134140,113.0,112.0,154.0,13
259f22af90041f6e527971c2547d38832de93a85,113.0,112.0,154.0,13
377d7ded18f24cf6e2b7d32cbe44a6ed7b6a5574,117.0,116.0,154.0,13
de8946de1694a8cf311daab7b2c416d76cb04d23,118.0,117.0,154.0,13
6003303a1e5086a9f28f18469a8a72ad22f75c86,118.0,117.0,154.0,13
3f338f43b0eb8081660bbf694074a368cf07355e,118.0,117.0,154.0,13
def480fe99f142957338c4b01dc258a0070c8087,113.0,112.0,154.0,13
64ac39af7020f3a8bc52d51137804ce9f46baf66,113.0,112.0,154.0,13
406621f43dcb91e5c38f0e1c73eab9aa5cc44843,113.0,112.0,154.0,13
0f12c7d4d175bb0566208213b1b340b6794f305c,117.0,116.0,154.0,13
5f072e0017aa30afc04b54501331fb7da4e8a0bb,113.0,112.0,154.0,13
442f6fd3d6272b1c7b92e0a24b4be1cf162b4d04,117.0,116.0,154.0,13
d7fd792e1b2cdf4c9584a224dead75ad716ae1d9,117.0,116.0,154.0,13
996ee6d27a6b084b9647f2f0ab59f7e03582716c,118.0,117.0,154.0,13
1b8132d99d80ca98218c2685bbe5ba016a0a42f8,118.0,117.0,154.0,13
d0b6966e3dc0a1aca8b7aa89dd0f95cda50d21f2,118.0,117.0,154.0,13
2c608e0f7c1f0fb9fb3e42eb737d7b8543e11400,118.0,117.0,154.0,13
b8307836d2ce84fb4201a20955c78a3f472bb9fa,118.0,117.0,154.0,13
053e2fb5798374d1628b8cd4d797a64e48c944b6,117.0,116.0,154.0,13
8a81d5f5f81c8e42927b4361bc93ddfc345393b7,117.0,116.0,154.0,13
e5a730a1c31cf308d9e09e3ecfbfaf3ca860ebd1,117.0,116.0,154.0,13
c81d2836753a268be07346d362ffab3c6a5e14a9,117.0,116.0,154.0,13
8e4571e57a1a3cc6f1318b3da8612b2e3c8e1252,117.0,116.0,154.0,13
08df31eeccfe1576971ea4ba42570a424c3cfc41,117.0,116.0,154.0,13
55cbe18e1146320674968820150126ee34e5d332,113.0,112.0,154.0,13
0f3d855efc2f8104bb3e168dd3f74bc84e0d2d45,118.0,117.0,154.0,13
32b8c581ecf35e73bebe2c6e9f6de617807b7f91,117.0,116.0,154.0,13
f8f7adce9fc50a11a764d57815602dcb818d1816,118.0,117.0,154.0,13
77023ea3c3951be97286bc241ae88bc6c860e2b7,118.0,117.0,154.0,13
3157c880f6afab26af4f3e4eaceee68fc1b482a8,118.0,117.0,154.0,13
002f206faf09d39abee80f916cabaf3ab342b74f,118.0,117.0,154.0,13
56dfeb62638760fa78a442a97f19abf1af374d29,118.0,117.0,154.0,13
683f17ec440afafd2b375fd1b7a80a1aca219b4f,117.0,116.0,154.0,13
3e8e32c32ef8e49bcfd715837d51aca30925fdfe,117.0,116.0,154.0,13
1e461c4f1fc43a00c7f576a111b4f002ba2d2557,118.0,117.0,154.0,13
6999bc7074c2a8d7605c3ad24bd4e5371a6df71c,118.0,117.0,154.0,13
77947bbe24e0306d1ce5605c962c4a25f5aca22f,113.0,112.0,154.0,13
02962d36845b89145cd69f8bc65e015d78ae3434,117.0,116.0,154.0,13
50492f7b38f84619cbfb443efc3c0c78fc0304dd,118.0,117.0,154.0,13
b5944f3476dbaee15649b0fa02b2b35aaa149dc3,118.0,117.0,154.0,13
4d9c7e6f45523ce1bf9615689e6c4e13fd82ed5d,113.0,112.0,154.0,13
aa59e14b23b3c075e7f50eae73d9c6812ed96959,113.0,112.0,154.0,13
04e0869876f726d5af9ac901911781d440e6aed2,113.0,112.0,154.0,13
52db4b0467f157230d2746f10435d070ad859bae,117.0,116.0,154.0,13
6395499a68d28f7211e9b4f6d9b2482c7b1681d6,118.0,117.0,154.0,13
4067a45438282fe967779fcbc5c3513d2cbb5913,118.0,117.0,154.0,13
cf27c7996e986395a05c0056684923195295fd14,118.0,117.0,154.0,13
67b3a5d4c084c3f579205a07b65169e742d39c02,118.0,117.0,154.0,13
a58a8e3f7156dadd5d5e9643168545ff057c111a,118.0,117.0,154.0,13
80460f513ebd7851953f5402dd9744236128b240,118.0,117.0,154.0,13
4d7bc52b178bffe9e484c4dcd92d5353e2ce716f,118.0,117.0,154.0,13
6b7728db811142a8dba5d330da70d7c4b43d9acd,117.0,116.0,154.0,13
9eed4f3711a605ab2d9b986357879a09a6d54f36,113.0,112.0,154.0,13
1e70105954fd85fcb198a4b5b95378ecc3e6beef,117.0,116.0,154.0,13
c81539b5f6f608ec48358ca6a35f7323e96432e1,118.0,117.0,154.0,13
c0222e762ef57c59fa793862618cfcdfef1cf3f8,118.0,117.0,154.0,13
995bc22d7f8c611e342095a211065f8585a08e65,117.0,116.0,154.0,13
c6b0597e9ac7277e148e2fd4d7615ac6e0bfb661,118.0,117.0,154.0,13
46ac74b71681f1d2ff29615236193e651dcdd9fe,118.0,117.0,154.0,13
6f25305799f0bbddbac1d678293e8c5cf404deb3,118.0,117.0,154.0,13
bc57b9c0cc5a123365a922fa1831177e3fd607ed,117.0,116.0,154.0,13
542aa25d9748c381a27074fb08614d4cb4713984,118.0,117.0,154.0,13
af4941d444f8bbbc02f68472f4cd6d5846ee043c,117.0,116.0,154.0,13
02a8cfa478bcc5da72be549a2fbcae2f37bac1cd,117.0,116.0,154.0,13
c6c9e1885c9025f2e4074105e4fbe9b008e5d1a3,117.0,116.0,154.0,13
957a0fe2e59343f10f10620fab787f7e5abf3ab8,118.0,117.0,154.0,13
be7e795efe35d3e50199af5452b218e5121b1713,118.0,117.0,154.0,13
c4f596b98ed305ceb594857fa34524fedc30a031,118.0,117.0,154.0,13
560b0e8f52a734434fecb65647d790913740617f,117.0,116.0,154.0,13
1eb47f167d65d1d305b9c196a1bb40eb96117cb1,117.0,116.0,154.0,13
743fba85f7dfb04eff4df55dc8d7aa08f3f8eaa3,117.0,116.0,154.0,13
a220e2bbbfb325fee6c1ffb1dcdf415bfcd59ae5,117.0,116.0,154.0,13
ee7fd70edfc51ec88865c573ff950b4dfbef1833,117.0,116.0,154.0,13
6a024a249fe4bc7ac9de4d8ffd5dfed0cf986fd7,117.0,116.0,154.0,13
00f27feb6afaa9e5f91a0852a5a20c041ba0a421,117.0,116.0,154.0,13
6b9114c649495bce5f9f88a519672c9d56ee6d81,118.0,117.0,154.0,13
7647537e3e8f263306e22cb22b4f4f7b09589b19,118.0,117.0,154.0,13
dc7e09a3e0b1a06348a0b59da71ceefe08489e77,118.0,117.0,154.0,13
a0a1831b034af10e5d5b37b99489a7558f9cc547,118.0,117.0,154.0,13
b3cbdd41cd5fbf9a33027f9dfe199fc77158dc93,117.0,116.0,154.0,13
af920e369778a4cc42519ef523131d29451bf79b,113.0,112.0,154.0,13
2703c22fc290993ade5135f85f0963776398a4df,117.0,116.0,154.0,13
5a36d00cf2e06e6cc19cb285393c63260913263f,118.0,117.0,154.0,13
ac76fd54a81de658c0e0a14d0fe5826284efdf4a,117.0,116.0,154.0,13
2201ee09b542693f3c0c00df9482c098474cb1fe,117.0,116.0,154.0,13
b36045c1dc43e36f6fb84b041b59317b7f02b58c,117.0,116.0,154.0,13
599e7a0b9e86dab9e6b2c7a136fe04b6b52a923a,118.0,117.0,154.0,13
954176c1288d70818fb03c6e04a8cbfb0db4e704,117.0,116.0,154.0,13
967d7f898c30bad41824c3f77962266b7cd7be32,118.0,117.0,154.0,13
dbc5276fedbe5ac86951a054e6e8ae610f073d9d,117.0,116.0,154.0,13
8e4b75a97beaf88aa83ab2b18c07bd8ae4954f28,117.0,116.0,154.0,13
7a3ea666331cd6cf8d9a7a15aafc33459b8c571c,118.0,117.0,154.0,13
1a5f1a3f256a53014e5b832e1281d952ec5f9ef7,118.0,117.0,154.0,13
a42d7b6a5b5addcce01f483547ad96825c7a96e0,118.0,117.0,154.0,13
ca79c985727653656443da8d92c9f5c2b4da93ed,118.0,117.0,154.0,13
c9af708b1a5a92cbde2a0c9a75b13530f792ac84,118.0,117.0,154.0,13
1ecdecce621009a4d039d061d514056501d0ed8f,118.0,117.0,154.0,13
24959bad5dba353497323f10b3bf39f243c0f174,118.0,117.0,154.0,13
b249e39f9934e020e1cf5e483c3f6f84d3638b31,118.0,117.0,154.0,13
07e7dbf0db05a550a92a6a5a8977ac47efa7b794,113.0,112.0,154.0,13
f95fdc256b4732e6363823daa707ea6058e6db8e,118.0,117.0,154.0,13
f36538d88b12595d527c60ae1b882c89bb5d1b2a,118.0,117.0,154.0,13
dbf1b5fb6a86acafd8294e98b464e2aa370fdde0,118.0,117.0,154.0,13
ccceb7bb13a37b1834bc1c455e40abc710997dd3,118.0,117.0,154.0,13
2e3a16b279a9df2e498187871c67e623e12bc8a4,118.0,117.0,154.0,13
b3dfeebb92630c54db1e4f03dbcff0e05208c4c1,117.0,116.0,154.0,13
e0c1ceafc5bece92d35773a75fff59497e1d9bd5,117.0,116.0,154.0,13
18f3ce8841b1cf7a3bee8e8da75fd7520060a4c0,118.0,117.0,154.0,13
8a5ad2ba5bacd84c10ec62b0cf5a67d0f147746e,118.0,117.0,154.0,13
57734b4e88c4d61329c74f5f4fb042f7de622966,118.0,117.0,154.0,13
f989ac276d310564364482979a78b83d113c4044,118.0,117.0,154.0,13
7c9c2f8c394a4c1f4e09d6d5542c4e7965cc9240,118.0,117.0,154.0,13
32c43f595f93cdd4ed5305aef97a3f6aaa74ed72,118.0,117.0,154.0,13
202275b96b6c3ffc2c380cfb017e4f6a0dd6bddb,118.0,117.0,154.0,13
6e3c1595c66e2b192a2a516447c5645814766339,118.0,117.0,154.0,13
d6b12300676c85175bb05088c79e4b975aed820c,118.0,117.0,154.0,13
6d14eac3ec3e935ada977dfbdf4c61a0a3222010,118.0,117.0,154.0,13
1fc458d958be0e8347d7704933ae647afeabcd91,118.0,117.0,154.0,13
25804914fa3661549cb4017fd0d127b9b626fc69,118.0,117.0,154.0,13
c0c20060af3dfc55258e0b9168e0d9c564b5bdfd,161.0,161.0,161.0,13
994292130121175dcb53f72541b7445e4b054d75,118.0,117.0,154.0,13
d4aae459cd217c9201e03b270112f5b3ead1f867,118.0,117.0,154.0,13
e6b07da2780f349c29809bd75d3eca6ad3c35d19,161.0,161.0,161.0,13
ee92ab992fada00ca945bddce5c281ca0927747c,118.0,117.0,154.0,13
612c49e94d5c761bd9fc4752283b82786c23856a,118.0,117.0,154.0,13
b58a68c1c1874ff155699d82947c9f026f431cb3,118.0,117.0,154.0,13
e4770f67d16c1970fa175bddfd4ca40258e57f22,118.0,117.0,154.0,13
b2dfeb7c005b83145e9f61305658f5dac745482a,118.0,117.0,154.0,13
379642bcd8d89db52feba88a651e4e56d6ac5767,118.0,117.0,154.0,13
0bb80ab090fadc99d3d19d23209ddfb7e4f54b3d,118.0,117.0,154.0,13
0a4ae91d1cf72b1185a46e5f072ac6b25b92350b,118.0,117.0,154.0,13
e1fae930193b3e8ff02cee936605625f63e1d1e4,118.0,117.0,154.0,13
3edcc048621fee389be6991c90b6a7dd0386c57e,118.0,117.0,154.0,13
60cf6cd71af2c3a530ac9fad57579a7b10e862ee,118.0,117.0,154.0,13
81944e9b54039f8475d1df5c40e5a1055eae14f6,118.0,117.0,154.0,13
a0393a298fecff8cdc17aba51245f29433520d81,118.0,117.0,154.0,13
9d77b0405ce6b471cb5ce3a904368fc25e55643d,118.0,117.0,154.0,13
a086f921a725319a6f0c2c3aacf676c890b3ce3e,118.0,117.0,154.0,13
3e7eaed016e6241e96de6a0140923e81cfc387e8,118.0,117.0,154.0,13
1b614c07d2428927358cc7317622913d1dbd59c9,118.0,117.0,154.0,13
2225e1ea20481a7c0da526891470abf9ece623e7,118.0,117.0,154.0,13
e94eac49e6edb1ef37796e11bf52a7cb301645e8,118.0,117.0,154.0,13
ba6746c08fd6cff7da3e435a086515b8d80862c2,113.0,112.0,154.0,13
d41626ff9ef54db6582c398b14209c556df4ddfc,118.0,117.0,154.0,13
7b91929ba0422435c193c506dbaa593964be6e84,118.0,117.0,154.0,13
504c4d42db8f597b2d151b8b52321cd6130b5363,118.0,117.0,154.0,13
f53c5de29cec68e3294a008052251631eaffcf07,113.0,112.0,154.0,13
1f6b1afea00cdbc99114b88768aa5e617ff479df,118.0,117.0,154.0,13
598019769cbaa38495b0c04297efa13d0f4a572e,118.0,117.0,154.0,13
116fb64e439d3744d0f244a51d7a6d714b7703ae,118.0,117.0,154.0,13
3b754eedd58636926d07b14a34799a3aa7b8ebc2,118.0,117.0,154.0,13
17d6c744dc0d5ed4cd0f228da14239ea2654f05b,118.0,117.0,154.0,13
06c0ed7bfb5f05fe787e77371ef4c74c4fc245b4,118.0,117.0,154.0,13
f63df942a3f4245970192161dab259922819e3b5,118.0,117.0,154.0,13
8624735d9aca62ffaef84de3b2b8345b1771086a,118.0,117.0,154.0,13
e15b9606557d590e1cdc1e3b1b9154cce455a4c8,118.0,117.0,154.0,13
45cbc37c5f84fadd78cccf6b2ea82a9ef251cdc6,118.0,117.0,154.0,13
afd6726309f57f532b4b989a75c1392359c611cc,118.0,117.0,154.0,13
70471ed9bb204b3a6bdbcc466393565c3ee25bb8,118.0,117.0,154.0,13
b0176ce6b5d954a747dc4d0c5a8593ed576714c4,118.0,117.0,154.0,13
cb7fb9ed4277f3e1e9203777d4de0805cf29f873,118.0,117.0,154.0,13
37e61153e2a2633ef3c9cfbe988b9d80ac809ee7,118.0,117.0,154.0,13
16f9b4cdd31de2b8185c5c717efa6d28c56b3c74,118.0,117.0,154.0,13
f75619bd6d21760e1da416d4e27bce6468beffcd,118.0,117.0,154.0,13
0607e10009ee4e37cb49b4cec8d28a9dda1656a4,118.0,117.0,154.0,13
e0e7f99ea400808cd11af72425c721c8b44193ca,118.0,117.0,154.0,13
57f82f4f6037fd8243f44fd8b5f553e444d13f2c,118.0,117.0,154.0,13
a4dded0189191db1aa572bdc45419182db8ae652,118.0,117.0,154.0,13
511155db51ff9870d2b3fd74c6dfdd558b5fa37b,118.0,117.0,154.0,13
7ac04f1398c4e854cb585bd289ee4fe921984bbd,118.0,117.0,154.0,13
4f4458aafa809e184358256e35fd90c227dba81d,118.0,117.0,154.0,13
227307a639c96b3579b7fe60840fdae123d1ee88,118.0,117.0,154.0,13
a42e1b4194b02638ea4f590ac1e7d231274886d1,118.0,117.0,154.0,13
f364f02724d6ce4c64fae85a86e0452b5634ddf8,118.0,117.0,154.0,13
e7e183d6ee07f9744f58f8e35fe336511df10563,118.0,117.0,154.0,13
41d2716cdc9179c5faa39d3fc05edf1e8bfd42cf,118.0,117.0,154.0,13
99a64e4b73c38b5cb32dea5d4bd71c70079cae15,118.0,117.0,154.0,13
75ec4a6cb0921688d01a7e7800a5dd5d9f1ad586,118.0,117.0,154.0,13
b42ca35e5c4f792810c08e95676ba63976f4cd02,118.0,117.0,154.0,13
940a911f8ec00e291a66c2d1ed05293a38ae6138,118.0,117.0,154.0,13
41b3eb4a6bff4d38bb188d28544bf901080d9e96,118.0,117.0,154.0,13
df2a6e38b7e192c32d1df4b10cc278c2a66fb6a0,118.0,117.0,154.0,13
1e0c3b680c6e7b37fc51bd69a410af01897a4f94,118.0,117.0,154.0,13
75057691beb804e804df21992ae55d50ffc36f92,118.0,117.0,154.0,13
98718242cfd18f106dfcd7663282fb9906fd38a5,118.0,117.0,154.0,13
2c5e2865cc3dfc053e71510415f479e165119d04,118.0,117.0,154.0,13
8f9aeb0d36c6cbfb849946bb272fa0d3c4611547,118.0,117.0,154.0,13
fa13fd174f463663ffbc1feef857089fddb4b157,118.0,117.0,154.0,13
034667a458057ef1e571973a38ebbdf0045a63e9,161.0,161.0,161.0,13
7e71542e8b79ddd5164bf3ac5f11cae3b7d006ab,161.0,161.0,161.0,13
4473060bc2a96a175015d2ffd856eb68c02a1126,118.0,117.0,154.0,13
48a96972fd4421e1136b50d6650a2b9d45947754,118.0,117.0,154.0,13
a54e938e5b53c76ebcd5c068a4f74739c1c68bac,118.0,117.0,154.0,13
cd02599c480570484ec0a38a5bf66ac69ee3dd19,161.0,161.0,161.0,13
14bb40b3f0c646ca81609be1eb3039ede6ce5cc4,161.0,161.0,161.0,13
5c896f7c3ec69f017d1e1be4164d558918f3ae4c,118.0,117.0,154.0,13
1eab194bf06786a987497d7bc8ffcf5c0dae0e36,118.0,117.0,154.0,13
0a3f07d6c0ce8ee3fb315d582a0eaaba56fb7873,118.0,117.0,154.0,13
a5c1efd693a09bd7d058e1370869e061f94b61ed,118.0,117.0,154.0,13
802de3da0752f3c3aa40e8089f27797857009392,118.0,117.0,154.0,13
f57f37e2e1bf11ab4cdfd221ad47e961ba9353a0,118.0,117.0,154.0,13
24c8407e0aab839a2de57573fd6dd6320f172af3,118.0,117.0,154.0,13
126c9e05765330d29c973934598876cdea50b5df,118.0,117.0,154.0,13
077be78d7ff0d44cab311da315b2f8dbd2a0d57b,118.0,117.0,154.0,13
bbbb7de7ac69e66c9263bd0e220172fe717b3f54,118.0,117.0,154.0,13
5d0bc90e5de37c708f0856aef2c7b353a9d5030b,118.0,117.0,154.0,13
09fb53568e3e00e30891b118045aa07ede524103,161.0,161.0,161.0,13
7d5a38b61fad51b765117ae6dae9117db74dac3d,161.0,161.0,161.0,13
b92ff6e81429c6a2636b4d6d26ab9ce5d4890fe8,118.0,117.0,154.0,13
5a8e7c346672e399a6b6c0335a4435c7264a2a32,118.0,117.0,154.0,13
f2214dede950e506d7637744599ef27b149bbda1,111.0,110.0,154.0,13
d2ee11859ce6c0edecb94a7e3e9600ab69823b06,161.0,161.0,161.0,13
d2b7d9c7edc549e7ec19f4a7681adc7bfbaa6b89,161.0,161.0,161.0,13
2eb80bcdcc2d16ff1e73dc2f2171f7f1ef6e9f29,161.0,161.0,161.0,13
f9b11147e00f066d24d9eaf9783beaa173fdd5e0,161.0,161.0,161.0,13
ee3051bd2307cdc0145aa9ed9dcacb8acfc08c40,161.0,161.0,161.0,13
029aeeed55f6bfe8014e8ffe5fc7a6f2e5b110fc,161.0,161.0,161.0,13
c772d1bcdc058d655e6cd3518440a721433cb511,118.0,117.0,154.0,13
252ef8fe9e9742c73339cd383c22e39387c6c94e,118.0,117.0,154.0,13
e25c1229b2f7f12fd3284297a73bb889c8f35f63,118.0,117.0,154.0,13
41534b626ebdf3fb4fb692749245b90ff2bb7e13,118.0,117.0,154.0,13
110bdbddc85350b0f6f5eec223e102ca4b56e24f,118.0,117.0,154.0,13
a9508a1345654e6af9505ee96eab745e7943772a,118.0,117.0,154.0,13
8f71209d1e447daf9db643df7ad01a8b49b9bcb7,118.0,117.0,154.0,13
0041bf6544b9b46022b6362eae834a36505d7baa,161.0,161.0,161.0,13
6362ed0b29eb281cd44487684da2296a4f431946,161.0,161.0,161.0,13
c105f563d1b8894af8a7bee68852e45831d55224,113.0,112.0,154.0,13
07af88913662f1179ba34b92370a6df24263ae5f,161.0,161.0,161.0,13
5d3206d5010423b3bbf479e32567d0fddc7095e0,161.0,161.0,161.0,13
8668976b53446847dfb363887738899a708f15a0,113.0,112.0,154.0,13
2a1bd45b2e44a7ba23dfe67307e7755d0a22e5d6,118.0,117.0,154.0,13
60b091c6796a73ff8e56a7211d88d6c605bf55b5,118.0,117.0,154.0,13
fd1062e52e1a7ed3be443a320708ed849958c1bf,118.0,117.0,154.0,13
845eec2b64d6a064ee7b453a77a309a419806896,118.0,117.0,154.0,13
47242cd1037483896bb2b042e6a02c66b65b07d6,118.0,117.0,154.0,13
37ee680d9b90fe4c4fc5be4e14f17baf49f6ce59,161.0,161.0,161.0,13
9e7ec634a130535982e9bc63d65c2fe8c076a662,118.0,117.0,154.0,13
18d0002d6ddc191454b6b4a99cdac65fc7ff9ece,118.0,117.0,154.0,13
be4dbbbed931a1683e351b872865ed8d90e9ac2b,118.0,117.0,154.0,13
d8245bb3fd4442dbc8da8d3b7167d48f83687992,118.0,117.0,154.0,13
5ce10c0a29efeab21567228f8916190f2202fdb3,118.0,117.0,154.0,13
a560d87033729d884acb3f198cc52edd6c816416,118.0,117.0,154.0,13
0fb3c4fc9a20cc3d7869d46bb8a774e4038fc62c,118.0,117.0,154.0,13
50c2d8555bbc5b29625452fbcc92d4e3395e7366,118.0,117.0,154.0,13
2e5d6503bdc92260eae9c58b9fd1add7014bb853,161.0,161.0,161.0,13
372b050b6bd4bd3256e6fa21ab0fef47dd768d98,161.0,161.0,161.0,13
e3a434468fecca7c14a6bef32050dfa60534fde6,161.0,161.0,161.0,13
16d2676c9ee996208277772fdf81dda212355440,118.0,117.0,154.0,13
2d646e3e1fd0ae7f525034abee73d06ac8946729,161.0,161.0,161.0,13
e2cb6ab84c94f147f1259260961513b40c36108a,161.0,161.0,161.0,13
627fde102515a7807dba89acaa88cb053b38a44a,117.0,116.0,154.0,13
1f9e18b77282070e8fef6dbe6983a8c94a3b0efa,111.0,110.0,154.0,13
0d8a814d8ac6b18834def72912781ce6fe45fa89,118.0,117.0,154.0,13
17eff96b83be5c4c25e33a40e632d1b55c506d33,118.0,117.0,154.0,13
fa099d23227f88b5a1cd79c646551130d9b36e6d,118.0,117.0,154.0,13
d026a25657cbe15ceb6bcb5d5047a36a0a70b33e,118.0,117.0,154.0,13
c061a149709195e0ec914a5d6ba173042e4197f9,118.0,117.0,154.0,13
3c78fd808d8ed8848fe09735c7755ddd35cfe83f,118.0,117.0,154.0,13
4cdf3f9d84568da72f1dcade812de7a42ecb6d15,118.0,117.0,154.0,13
06478dab4c9fb57dc6b7299eafd18df1bea9ca22,118.0,117.0,154.0,13
64bd31b407953ed7309250dfa6b72079146f84cc,161.0,161.0,161.0,13
940283101ce87250cf31a592730386f5061e1286,161.0,161.0,161.0,13
46bdfa3975665aaa9b7383466b529354d117e14d,161.0,161.0,161.0,13
864033a3833d6d0f90bf5a2bd1128b295c1041a7,161.0,161.0,161.0,13
6cbc478d83b5773d1925869e50bf6067306f4817,161.0,161.0,161.0,13
e31159746e30a24d7064bf30491ccd73444eb00a,161.0,161.0,161.0,13
027a3b943b444a3e3a76f9a89803fc10245b858f,161.0,161.0,161.0,13
40bcf3188a6f02acba94587593124ccca5a37e2b,118.0,117.0,154.0,13
4d9bc37fbe9902fc033573cf7375b528fc6a434e,161.0,161.0,161.0,13
44dc738a39f2c4dba41c0ddacae280d0f88dc71f,118.0,117.0,154.0,13
505ad91304e1793ee588ccdcc2413c2e0af6f667,118.0,117.0,154.0,13
54fd3243daec7d59394f25846450d83c0012e57c,161.0,161.0,161.0,13
28f4aee3fb1a45ebcda8ff84f94d6d2d0053f887,161.0,161.0,161.0,13
721f5f1e355648f6b15d79799a3fdc6b4a28352f,118.0,117.0,154.0,13
ebdfa294c9e280ee14de27cf9d4ffb2cf82d2f36,118.0,117.0,154.0,13
93fdf301de0daa57fd6a694ad4637ec7a3a1041c,161.0,161.0,161.0,13
9f41c7a6b3e3cc3ac4a739364400393fa2492880,118.0,117.0,154.0,13
61d4c309301e1434f95980aeb4e44f72e1f154c9,161.0,161.0,161.0,13
867e40ff3a731d9cf4ab1900a83ca21a9c2c8fae,118.0,117.0,154.0,13
501d3cd7b8cf469e6a5aa86809fc25316695d344,118.0,117.0,154.0,13
5621760f59c0655e41045c3141deef9791858916,161.0,161.0,161.0,13
d395745d8108568934006c6411146bc93cc54737,118.0,117.0,154.0,13
7f1b225153c9e75b805a262feb6796e3bf23dc3d,161.0,161.0,161.0,13
78bde923f16daccf590c78a619fbdbbe2a3d82ac,161.0,161.0,161.0,13
1524ccdc1873029e4eafa5bffae2aa66d02369d8,161.0,161.0,161.0,13
419fd7866c7636e4f2e3606888273b38d8cdacd4,161.0,161.0,161.0,13
610b233704638372834777ebf6ed3ab8829ec259,161.0,161.0,161.0,13
a6bb78c3b19697133a01122c13993986b66ef28b,161.0,161.0,161.0,13
d2bbb7c2bcf6e77ebfcabf4e12110fe6d5c91de6,161.0,161.0,161.0,13
9a2669129c4425a82c02c0d40deb77abcfe54569,161.0,161.0,161.0,13
7c8d2b00f2516a0b30aaa3f59dceaf4fe83f8729,161.0,161.0,161.0,13
aacc5c1a81c004efccff8075edb78acdf5f15264,161.0,161.0,161.0,13
e0a92804044a4025fc8abbfa1d92fd16f6f2e1f4,161.0,161.0,161.0,13
af6730e7303d3025a8f50192e0f54acc74142484,161.0,161.0,161.0,13
4931b02f4ab6cbffc39feca95a055ce1a92a20f9,161.0,161.0,161.0,13
d7e6b6a8dcc8a98a4dcf6bc291f1e68b1acaecae,161.0,161.0,161.0,13
db4eca1feaafa0669b7ba64c10314dfe8836576a,118.0,117.0,154.0,13
6a523d66813a3554ebd20df64daaf5c56be9c4bb,161.0,161.0,161.0,13
218c883783ee7c23a0955507f5b7ac4027428d63,161.0,161.0,161.0,13
016d66f512bbbd7d766f6244d989b4549d5b0d5b,161.0,161.0,161.0,13
0e6d899feeda4ebe87ddd44cba7279f55c5177ab,118.0,117.0,154.0,13
4fa66c85f11bc5a541462ca5ae3246aa0ce02e74,161.0,161.0,161.0,13
87cb7997f79d4f7a2b87efab27e0715446e2811c,161.0,161.0,161.0,13
28e1aaa48544dc2aa89997448b1262485dc7f1bf,161.0,161.0,161.0,13
4000b4020911512eea10667dd5c97a0b4890e098,113.0,112.0,154.0,13
ac33201285cce4b392c3cedfaf7f098fdb1dde87,113.0,112.0,154.0,13
70fcaef90bad282cf141a7c2e7ae87b13fe0700e,113.0,112.0,154.0,13
c8dd1e3bb1152844983558802a52c9e4c17652b4,113.0,112.0,154.0,13
cd0887327544ecdc8778e16219aec3f43b0dd682,113.0,112.0,154.0,13
d61226c1118f749280c050555d83560ca0f3bf71,117.0,116.0,154.0,13
840ed141983718e0c5518a325534a5656797132a,118.0,117.0,154.0,13
773e3a2e0226cffac6c813c2d3bea5ba480675d8,118.0,117.0,154.0,13
95d67879735cfecfdd85f89e59d993c5b4de8835,118.0,117.0,154.0,13
12cd0bf9b0291bb9a688c197a413d19f3c54710e,161.0,161.0,161.0,13
6f52b741a7e58dbabee196c22acd012107488ccb,161.0,161.0,161.0,13
ae520e36758f45f1b9972f2b91db91a7f1c5559e,161.0,161.0,161.0,13
98f2a687b9a971fec86254537c37df00f18a6e80,161.0,161.0,161.0,13
9e58becab9d2512bad0fdf150fedbea84d6b9b03,161.0,161.0,161.0,13
2b70e88d367f3e697023c2b7c3054e8a26e6faaa,161.0,161.0,161.0,13
fba92be8f73818c4e79dc0b93ba26733d0ba5efe,161.0,161.0,161.0,13
473e39307d8c9db93bd08d82898e7fff7002c8cb,161.0,161.0,161.0,13
e799ed408eb59ca631c4908ba4236cd146ff6bd2,161.0,161.0,161.0,13
a0bba65b107651946431bee4c71d05d812988d9d,161.0,161.0,161.0,13
207a06cea39579586952a9a50bd25352e5c952f1,161.0,161.0,161.0,13
0ef8e169aa40ac98dce71f61074bcd729cd9ba54,161.0,161.0,161.0,13
2c1eb104543265c2d26cf36303b35e426dcacf68,161.0,161.0,161.0,13
0d32c183b636ffba6462b21ed0c844b6cb887b3f,161.0,161.0,161.0,13
5a5221427cb8b78c3246ffa305900db935017c54,118.0,117.0,154.0,13
2e477d8d71709120023987f52a93721100ad0f26,161.0,161.0,161.0,13
de950c577317f499df44c383ecbb7967f4905db9,161.0,161.0,161.0,13
974b50c5565107e1e3209176682ee6f6e420bd2b,161.0,161.0,161.0,13
825b9226bf7a962bc76571319b1444bc02fdcdf8,161.0,161.0,161.0,13
c0c70f7ac080c3b4ecc50a3207eb66e97c10271d,161.0,161.0,161.0,13
57e0ef0e0e90c4cb72c35db874fc3d035b88ce4d,118.0,117.0,154.0,13
d32de66a07c600c14f70e6d435f8f9c496b0d625,161.0,161.0,161.0,13
912c13d58faf355589a3f67fd55b2015561e0184,161.0,161.0,161.0,13
71f35d5cbc0336ca5dca6b638c31d96611d301a7,161.0,161.0,161.0,13
9e31eafe7e98bab5013e598037e5581739fd4f42,161.0,161.0,161.0,13
4322478a496a5b729a77792584e427d9e7132386,161.0,161.0,161.0,13
1e4085a05d7a486920afcd995bb0c1737d54c670,161.0,161.0,161.0,13
68ab61dd099a2ce9f700fa68b9b7cc7722304407,161.0,161.0,161.0,13
33d66df34ece4f597590263df502ff3578b6becd,161.0,161.0,161.0,13
7422ab50d1011b2b26b59bf11b91a1202618f3e5,161.0,161.0,161.0,13
1e43ed986775d8e8ecaef4dac8b98dcbae6298c1,161.0,161.0,161.0,13
e6a492b7beca9dc8b656f2be3aec23fc1a35e4de,161.0,161.0,161.0,13
834bc47b42926dac7bb4d9df43bd1ea58ac794ce,161.0,161.0,161.0,13
3e9309815da9aab4e13195b7c6a52c1f7161562a,161.0,161.0,161.0,13
f26efc58c881ff71be0c96ffc66eabf5ac75ba84,161.0,161.0,161.0,13
49a09e74a413cfccee2c249407b46cdd0ea699cd,161.0,161.0,161.0,13
740ee055c6178fc2dd43c5ccfbd367c4c64d6e0d,161.0,161.0,161.0,13
a92ea68fefe2b7ce61363da3f5e0ae09dd6edba4,161.0,161.0,161.0,13
d3101b533d365825f52d8e5e52328702acbc8e3a,161.0,161.0,161.0,13
cedfc41ac62c691557263a8db41f7f693914d68d,161.0,161.0,161.0,13
984912989d6c4bc4c34bcf4296173ed96b22d272,161.0,161.0,161.0,13
4417df8c492489613d031478ba2e3604f65a5f84,161.0,161.0,161.0,13
1aa40df6b15c1114264ba19897579cec9f063f30,161.0,161.0,161.0,13
a58a1b01ff86465f503bf835a41c83e34be376ce,161.0,161.0,161.0,13
654b9a905c160aec86be6c0b11bd1c539a62c0b9,161.0,161.0,161.0,13
de37d50d76f4cfac2876af8a8ceff0f65b5f27b0,161.0,161.0,161.0,13
6f37eb7d858ef7fff79ee083c98ee99ab9bc05a4,161.0,161.0,161.0,13
ace976b26ced2f35415119984f9d58d26b478afd,161.0,161.0,161.0,13
a9b5f5bfd50bfd0a96e464ccf926092ffe03163a,161.0,161.0,161.0,13
944cffbd18a7dbe0b4c5849da6f093c41b49ea00,161.0,161.0,161.0,13
48be4c625bf0f35309fdf501f47eb7445a9f5494,161.0,161.0,161.0,13
a9dbc179100b7119cb44eb5b4adcb47967f346a6,161.0,161.0,161.0,13
c251c83df276dc0bff4d008433268ad59b7a8df2,161.0,161.0,161.0,13
65e2041e4042c21d2b97d4ab194b881695493bb0,161.0,161.0,161.0,13
3f789719a65bfa6c302e8f794847a3eb69b6881b,161.0,161.0,161.0,13
e294e8959fea043225a023f981121540b14b08cd,118.0,117.0,154.0,13
da5a1f81008f89f4e533006df8fa536e43c9c677,118.0,117.0,154.0,13
b7b744f297b736c51636407f5883b3777bb36433,118.0,117.0,154.0,13
12913a78cedc491f89a34ab0b545831d6006fc98,117.0,116.0,154.0,13
7a3eb9e2224d883df229fe4adce51e762165573a,117.0,116.0,154.0,13
fd9dbdfb3dc934a88b8b7505ab01db949a294a4e,117.0,116.0,154.0,13
17130a704620c0e5455ef0f362f8d0f40758d1ea,117.0,116.0,154.0,13
f831acc6c6839426e6ccb42d7fd1931863bb07ac,117.0,116.0,154.0,13
951b551d0f349f145f8606b946d64fc452ad6a51,113.0,112.0,154.0,13
f2c96ceb57afd8c64c3e3e656f9390c95e9fbec9,117.0,116.0,154.0,13
e059388fb200fb2b5281ce211242ef3525a9c2c7,117.0,116.0,154.0,13
40cfc95856594ddd04ae6ef3bfd041346c4854ec,117.0,116.0,154.0,13
bfc99b63fe859e16ddcfcbe6ac09f98b8d06b34e,117.0,116.0,154.0,13
12f7526c66547ced1b670f5c0faeec5120fc9c7a,113.0,112.0,154.0,13
845de33a5b2c9efb7761d091f1475ec89c25798a,113.0,112.0,154.0,13
787a490ceee14d456912a1ce8d865be9c92b6f99,113.0,112.0,154.0,13
14af79b93d3f8fa4aaf97a05f8a0564071c656a0,113.0,112.0,154.0,13
c57e501c51d6b76ce30658b94ee4a5dc6ac27f3e,117.0,116.0,154.0,13
352d72a30e3d113064ebc194f49560eeae34b332,117.0,116.0,154.0,13
72ce3ff7b51c1e0703f433fb000519521441abf8,117.0,116.0,154.0,13
c72ee44bf4bc7549ee8710037ae8adfae6d8efc2,117.0,116.0,154.0,13
5c63920190b38f4ea92d5b0104d3697a34f5f2b3,117.0,116.0,154.0,13
a87bcd6d47d545402ab80ae71a39531997eb6f6f,117.0,116.0,154.0,13
adbcfe6547fda8fe66618355a8a2031ac27d1a90,113.0,112.0,154.0,13
e29300d69fb8e003b36f155a5f286d72ee5a557f,113.0,112.0,154.0,13
7777322816a31edff4fb9f429847d11f8974f264,117.0,116.0,154.0,13
66409881238702fa6351e655f6aec8675c4b346f,117.0,116.0,154.0,13
07ffe8716f8be04d838915402b482c5ee03227d4,117.0,116.0,154.0,13
9812f2136b3ebb28ccdb52e19660bffde760ff23,117.0,116.0,154.0,13
ff2981f724c617d377229666e6deae257de5e239,113.0,112.0,154.0,13
392f6d316623e8ecd6210248ba9ae2cabf07352b,113.0,112.0,154.0,13
e0876bca4de44638a1cb51b03bdf0a40df631a80,113.0,112.0,154.0,13
9ee8f9409cab2a52e133c63bdd0acce24f99e73f,113.0,112.0,154.0,13
257f6f404bbb90512262dbb6f7f873a61bf381dc,117.0,116.0,154.0,13
1da16e1ed85c5be6eb243ca91225757b25088623,117.0,116.0,154.0,13
2595a8b146e86a3217cd6ee44bcc889cc2fe774f,117.0,116.0,154.0,13
885eefb12d35e416e637a92d8a6e7ac17eefd5cc,117.0,116.0,154.0,13
f4c9eaa49c5ed87b304a40b95b1d06d46a8cbfa9,117.0,116.0,154.0,13
82f0dfca542e95b74ff967f10fb4247e11a2d9d9,117.0,116.0,154.0,13
dbd23433e7b3d95bb03b44e9da86f713f1e35e17,117.0,116.0,154.0,13
36371e4c7ef87a2895b954284c29e8beff576084,117.0,116.0,154.0,13
70e1d53df17bc8fa81f3583a50f76753a8bac154,117.0,116.0,154.0,13
b0f4b4084626ab0f87611acd89030e8bdf0b850e,117.0,116.0,154.0,13
1df036ea25f8c6cb2f37633f603a93355a1e63ab,117.0,116.0,154.0,13
8f31fac365c312aa9109a7a1fc1014e56ed473d2,117.0,116.0,154.0,13
be3ac81f0c73252b7df34522e4886c4427eb43ae,117.0,116.0,154.0,13
bf523da2a2ed830686b72cd1fd51c51c808c6587,117.0,116.0,154.0,13
5b04ee3b95d8fe7ab41f03996cf32634239df337,117.0,116.0,154.0,13
05781d37fa43b5dada77d1bcfd4cdc42742e7421,113.0,112.0,154.0,13
1676827c859d838dc104a21f993af40d01586c0f,113.0,112.0,154.0,13
c42b5d8e69ba45b00d1681745a72c1d3af1e897f,117.0,116.0,154.0,13
7bafc6758c73805a453b36dcd41720c17bf25216,117.0,116.0,154.0,13
41f5b21f84b4d7db8e8c6edb34682c0f840ad8c8,113.0,112.0,154.0,13
aef18cc6063106075afeb3a78ec72656b19c8bde,117.0,116.0,154.0,13
b0e098ce46ce7f8ecd975720ccec8d0eb7787e50,117.0,116.0,154.0,13
21d2a9e3cce6167a3cf69303ad5b35ec819a763b,113.0,112.0,154.0,13
dc72b5006f29e98e8a394a3bcc14c7a03ffbcd5e,113.0,112.0,154.0,13
8ffc9d26e41f1ce23acbaee0f14419d99677b5f9,117.0,116.0,154.0,13
92c28525f645543272f9fb7d9b728966f2c75f11,117.0,116.0,154.0,13
3a0b6b9aba844075e802a6dc4c24622b34ab535b,117.0,116.0,154.0,13
92b380931ee8beacb0c09635432b38a02b9fcc7e,117.0,116.0,154.0,13
bcb497d0f83f9c3e60f00fd2cc87130923329ed9,117.0,116.0,154.0,13
165056b2fc065e27e4077a11ed2bf1589207b997,117.0,116.0,154.0,13
92b1551b1d407065f961ffd1d972481063a0edcc,117.0,116.0,154.0,13
5d9b2de4ef5a6b0cc38bbb3affcc614a66c663d7,117.0,116.0,154.0,13
665b35eccd39fefd714cb5c332277a6b94fd9386,117.0,116.0,154.0,13
7013220d2b3181d4ae55e21e0f18b9abfd6e011d,117.0,116.0,154.0,13
05219a1276341e72d8082d76b7f5ed394b7437a4,117.0,116.0,154.0,13
5c24cdea1e33c72bfed4af25a363eb5ceae11199,113.0,112.0,154.0,13
8bf3b75841ead5a796b62a54534b5a203adffae4,113.0,112.0,154.0,13
3f0f6624f554a663ca0c83fd80f769dc9cef93e2,113.0,112.0,154.0,13
0d789a5bc1aeef2d6d0d3120efc4b85766a0a327,113.0,112.0,154.0,13
508ea88226bbdd25ac0aac4f9c8a65a2c3b5be5c,113.0,112.0,154.0,13
41da7111f2c825ee0dcd319ec246a84b5ca0fd21,113.0,112.0,154.0,13
a45a260086b395729e3c26c9680602e1352184b5,113.0,112.0,154.0,13
9e70233a17f158f499c60ff82c20c7646fde66e8,113.0,112.0,154.0,13
b7410f616ea938ab34816b04e0479d55877af511,113.0,112.0,154.0,13
3cddb008c15978ae81ff144e24303467076d200f,113.0,112.0,154.0,13
6a7bcb54714c55234a292047ea6bb657bd5ab1b5,117.0,116.0,154.0,13
46e3d17f57f90538242b7a1dde126eba59f7c5ab,117.0,116.0,154.0,13
3ad87c807c2b6cbfbdfb2c78412781ecc7db593d,117.0,116.0,154.0,13
43ec55091553658e4cfb1d927ff2a0fb50a8fdba,113.0,112.0,154.0,13
76f9d8bac8138d4c0caac02983ef4df7f9a51cba,117.0,116.0,154.0,13
070b7e441649b9c2543fda7bfbef0ad58761f869,117.0,116.0,154.0,13
96335bcf4d64c29add3692fb41671190123cf44e,117.0,116.0,154.0,13
8d6a7e9a198488a1594cd178240fb56085129c78,117.0,116.0,154.0,13
349e0c1adcaa3061623aa7e82b47039db114805a,117.0,116.0,154.0,13
1958a17fe41ab424d7d655de66a04a7711e7bbd3,117.0,116.0,154.0,13
d15c05a5d016bfd637fa1966951ae0686d17272e,117.0,116.0,154.0,13
c5f04dddb6cf5f76adfe145de3565411711255b8,117.0,116.0,154.0,13
4c4de89573fa29b7f97e7a9a3d0674dbdb6f2a28,117.0,116.0,154.0,13
bf0c6603ff809b035bd3b2049597e2273e9d86ed,117.0,116.0,154.0,13
e3f510393c9d373f2969badc2b8afe179803a0fa,117.0,116.0,154.0,13
36d6792157cc064607147b942c80bc3716dd339b,113.0,112.0,154.0,13
fe0537aa6eac07022be471ef132fb565741e7209,106.0,100.0,173.0,13
77356122443039b4b65a7795d66b3d1fdeedcce8,113.0,112.0,154.0,13
1a0962dee51addaa44a53f9d9782e8231d27cc96,117.0,116.0,154.0,13
0111681ecfe4d04a354536e62af1cde7c49e1c40,113.0,112.0,154.0,13
df8e472cc1bbd14a60d22b0b124f07046c6e1fa2,113.0,112.0,154.0,13
aefc81ad38b3a6fc88a0e8db6fafe75692f0d4b3,117.0,116.0,154.0,13
179795e51171ebf10932b553d7df72819fa4a7b5,117.0,116.0,154.0,13
95235f5ba1a9398c8503b809370ece18bba72ba2,117.0,116.0,154.0,13
949782d860889cbd50edfdf8c00e91d7a4f6cb05,113.0,112.0,154.0,13
c22f6202052ca84c68df4fbb16e42c826d429558,113.0,112.0,154.0,13
0a20325a01d089d8274aa4be05d79e6c157e1319,117.0,116.0,154.0,13
0bbda4bac71605af21be2670c1f4d04d10594fcc,117.0,116.0,154.0,13
c49fd57bf472143b1a0bbfb246c91e6ea0f06887,117.0,116.0,154.0,13
e1658495beaff4f6fe0aac7bc4d9fdb5ccd81a04,117.0,116.0,154.0,13
d0b39a03cd5d6d5f9e2eac4907d9f47ec3d821da,117.0,116.0,154.0,13
46e22b70dfe541f4ca1c04a53aba17df377b70f9,113.0,112.0,154.0,13
55c529a7005c653ceb318e1e25b40ff96a41877f,117.0,116.0,154.0,13
fa90ab4a4512858662b4d712a7b01cce970057ef,455.0,421.0,557.0,13
48860819e80260abae480407d0bd75dd58e70bb7,117.0,116.0,154.0,13
d1657b570a44108e49032962da201aad48689605,117.0,116.0,154.0,13
793dc676e08394ed15bffe0ed66606ff9ced1c6a,113.0,112.0,154.0,13
e8c1672655dcff59aaf0f78fa256b1d2e3f1ba9b,113.0,112.0,154.0,13
3d5b23a36218b0417a056fa7b5e6d25d595ccaf2,113.0,112.0,154.0,13
415c7dd026e4649bea48c35ccbe29d2fa8b69be5,117.0,116.0,154.0,13
878452b966521d75a58aa062bbe70511df88f497,113.0,112.0,154.0,13
3f2e2297b9c88a6ab5fc4bff02cf2a07ce057589,113.0,112.0,154.0,13
12e0437f237ad72df3a2f3f8b067cf8097d792f1,113.0,112.0,154.0,13
9b67c9942eba3b1a6b008ddab8ee6e542bd3de6b,117.0,116.0,154.0,13
1be36b60f158b55e8d594e2b605928a9a71a432f,117.0,116.0,154.0,13
c578a09bd6310157ea69bb1d2ec2d3d2cc58c85a,117.0,116.0,154.0,13
c8b080af7108744299e26e8d38cb6587b933f9fc,117.0,116.0,154.0,13
2f84df2ca0f7a5174d2eb5f4ee52324ce8f807b9,117.0,116.0,154.0,13
7e58b8166e6ac191739cf9001e73b2157f3aead5,117.0,116.0,154.0,13
f2140c3890780301760ee290f21be01f61726221,117.0,116.0,154.0,13
ed0f7bdec93478e280c9faa2a8ffb13a183cda09,117.0,116.0,154.0,13
fd4df42275b73bdcd938a833053b514125f3f9a3,117.0,116.0,154.0,13
d19e3a5b21f28c07886801616e02e08eab64a7d8,113.0,112.0,154.0,13
6672b9f962e4f01cae3c115ed54586a6f62aced3,117.0,116.0,154.0,13
aabbd3f3c9dd17c414100d0e029f8a3d13673ab1,117.0,116.0,154.0,13
ef22318cff51244cd0047b11ee7accfded522782,117.0,116.0,154.0,13
52563d7ecc8f3f38cb1c0521294c5f6a0a475637,117.0,116.0,154.0,13
e78d5d49935373dabcc40c5e32aefe4956a70b97,117.0,116.0,154.0,13
fa262cac766d383c51e0ead04c62e114a79bd738,117.0,116.0,154.0,13
3c5de5c77b0718b47010b146160ecff6309f86b5,117.0,116.0,154.0,13
62e5e83f8dfc98e182a1ca3a48b2c69f4fd417ce,117.0,116.0,154.0,13
5f30bb4a8144a2132568021a18972a89c1dfd3ca,117.0,116.0,154.0,13
76180a2ba45986af0a0399690fef0ecd823348a5,117.0,116.0,154.0,13
a5229cc95103fab9449bf198a8a119482a8f0845,113.0,112.0,154.0,13
231a4b77851db6cbefb1c0c5cf8ff8f6ef0afb36,117.0,116.0,154.0,13
43b8bba6b60aa644456d7682b99357dd4778e8d6,117.0,116.0,154.0,13
166df26f2821ea23b7c269a32fd63be43a2a0bb9,113.0,112.0,154.0,13
da49a7da3ad5e31fa858a6d48d8a6af9c4690724,113.0,112.0,154.0,13
2703572b3a005848ed058d2775fb933a17ac3656,118.0,117.0,154.0,13
7a23f7367d1a9946ff151d1491a3a73de43b64c3,118.0,117.0,154.0,13
b738396cfdcc276c0cde0c1a6462c5cc74ba7b76,117.0,116.0,154.0,13
f6a4e61fbb647928d615a0befaec163a5d2bf4af,117.0,116.0,154.0,13
33eacd3ff43e49109594c44e93b7ee66725fb8af,117.0,116.0,154.0,13
82246e075e5c028dd886adda68e28de092e33df1,118.0,117.0,154.0,13
f9e7d9f8c3e32280418a0bedd9d37f2a0cc2e2b9,117.0,116.0,154.0,13
3b75ee93278179004bc2f117fcfe3d5d76a0a2fa,113.0,112.0,154.0,13
7418a6b1a056d076b07087bdd27ad51baebc95e0,118.0,117.0,154.0,13
a883c31af66195556a775f75851f46573c98e43d,118.0,117.0,154.0,13
d4c6375fd8996d7d809fb34b9743339d7192c58b,118.0,117.0,154.0,13
566fdaf611f44724120412a43132c07b020fc4f1,118.0,117.0,154.0,13
3d55eea805c5451afd0a56a4f5aa045ba63083f9,118.0,117.0,154.0,13
f26eef302fc315394d1016eb06360637ac86f62e,118.0,117.0,154.0,13
7043c7071cdbdef60ce8413f425da622b8e6dc85,118.0,117.0,154.0,13
27ac83718cc9ebc98a31eb7f17c0646d78909032,113.0,112.0,154.0,13
b0a61ab23c0fd51a1b641b481e6a63f8661a8f9f,113.0,112.0,154.0,13
74a7fa44d36c3e93febccdea5f44ff78555463d0,107.0,106.0,173.0,13
c4c02bf16c47f8751958458e540269ec13f4bd98,117.0,116.0,154.0,13
2b68222d72fcb899ac87d8d48f066b49b5182f28,117.0,116.0,154.0,13
7b232add79b5d95a1f5dbdf72eeb8fa9a6b92a56,113.0,112.0,154.0,13
87492cb24d9d8be8e18217b89ae5f090089ff31d,118.0,117.0,154.0,13
9db397978416f9d562a94e55db86c7a45210a05c,118.0,117.0,154.0,13
b4e8a847ba4e775fb7d422b2daf18356db50eec8,118.0,117.0,154.0,13
3be18b47e4249a3e3f8ae9968abffc954c7e293a,118.0,117.0,154.0,13
3c8a51e89a90cb2a4016b1c30a10c7245bbdbeda,118.0,117.0,154.0,13
eee98e74f928a49c310038c77026ebc04e6cf4b2,113.0,112.0,154.0,13
fbd3199a6d8c6b3fd1e9aa0034cee9a0c6a9bfb4,117.0,116.0,154.0,13
1bd37509cac35877761a21c0654eba18fb5a73ad,117.0,116.0,154.0,13
6ae6a2331879626e127ab912e746931ea30a2166,117.0,116.0,154.0,13
c97268c822077ba414f90f6ba357fab170bb3986,118.0,117.0,154.0,13
ad2d77760434e1650c186c71fa04a8fdbd77266c,118.0,117.0,154.0,13
4966b58f3e1f295e3fb22560006b1db717b56f37,117.0,116.0,154.0,13
174f9e622fde6c874ba3d53eb05d0f37d6001ba5,117.0,116.0,154.0,13
6cbec0da471590a2b3de1b98795ba20f274d53fa,117.0,116.0,154.0,13
514dea905a3c72c8f7268347793f2947efd547be,113.0,112.0,154.0,13
d94975185947bd8594a4a8564ec6040e8c242b70,117.0,116.0,154.0,13
2a96d39824464c28f2f45f2f4a4d53d7c390c9eb,118.0,117.0,154.0,13
a73cdd21c4514bf0890d4c1ac756fe02262b1192,118.0,117.0,154.0,13
dfb7a1b4d0dafd53bf3980b3bd90668bf8d2a27f,117.0,116.0,154.0,13
bc9204d4ef6e0672389fdfb0d398fa9a39dba3d5,118.0,117.0,154.0,13
6bc6b6c0dc0a58874a7a6b9afc3156a5cf9bb10d,117.0,116.0,154.0,13
c0fa44d8f1ed211e4e0edbe6bef4697b36b9bacc,117.0,116.0,154.0,13
54ba5a1a16c0306bda1c304a341b9e4e7ab44684,113.0,112.0,154.0,13
f6fb30a01d2373f36cbf2054be9ae1bf65475794,117.0,116.0,154.0,13
a35031240b8d47ce89d7738ccfd3473073b5a823,118.0,117.0,154.0,13
d083d420b7d24a57cfd32af71100ae4c887f3a39,118.0,117.0,154.0,13
f4fa8a9b18a840539edf908bb82b54c5f82aab31,118.0,117.0,154.0,13
92bbe7ccf1fedac825f2c6ab4c8de91dc5370fd2,118.0,117.0,154.0,13
10881f076e19fbd0fa7b753b7c6c8203b419be83,118.0,117.0,154.0,13
38f460caa26e5dd06c3e874e30ea0ec5beb49b56,118.0,117.0,154.0,13
ca5c701ca50c24807793294c5ed22230858ac5e6,118.0,117.0,154.0,13
189d035e67b1f8cdbb1dbd388efd1b7434f34b04,117.0,116.0,154.0,13
aa9136a87e3ce299fe966da4686a571d6a528311,117.0,116.0,154.0,13
1e274ef2ba7d345f1bc469f46030f871aa348863,117.0,116.0,154.0,13
48aa37ed4266e75340abd3232860d6d14a30c774,117.0,116.0,154.0,13
f7b01d3eb76b5c1d04b774454364e87b49e80b56,117.0,116.0,154.0,13
3819fb9ab4c80e5fea3a7b31703a3884f47c8a83,118.0,117.0,154.0,13
768ededa9c4e804ead6d473d4fe3a8092a77b05c,118.0,117.0,154.0,13
78849622ec58ae576f36b155824e813543a9bdf5,118.0,117.0,154.0,13
43a42aa40303b2b5a3fdd04a04ce4f8d015d14eb,118.0,117.0,154.0,13
dc29ddebb969af489cdfd5dbbf424710973ef62f,113.0,112.0,154.0,13
2ff30e67d996b89fe16517a2ba4b55b417172389,118.0,117.0,154.0,13
61efc5c2d81cbd8c9a5d145e1aab2f744772c856,117.0,116.0,154.0,13
60b84ba26c588c09759b90b96e072cceb862a859,117.0,116.0,154.0,13
24fbe004904f95ea07f22fea4e4c02a632149d73,118.0,117.0,154.0,13
11b53957ac81dc31668a1d8fe65d19d5f60dd501,118.0,117.0,154.0,13
27b5c1a0653026645bd6908ee5abfdceb1c95082,118.0,117.0,154.0,13
4cf2143e02993440d6661ddccbd896bee7756c02,118.0,117.0,154.0,13
d9fc746cd77910a7dec53abfec36df5c699b33c2,118.0,117.0,154.0,13
4d5acae0ca9c3a72c7ba7d82d684e7c0e57f8e92,118.0,117.0,154.0,13
bb493a5c147a4b60f0f412a71bf9236ede4a560c,118.0,117.0,154.0,13
b6446d54ec70817ddd96b5c9668dd74a996719bf,118.0,117.0,154.0,13
119ab159e65b229feb3851334441ca24aab131ba,118.0,117.0,154.0,13
f4fd6276619dfe7cf9a024730ca65b1bd0b3492b,117.0,116.0,154.0,13
2f9c615efb164e62fb27a5d4a50454ae9f5c87ad,118.0,117.0,154.0,13
b32d7c524b2a0e404c297609aea6ec1cf9f889fe,118.0,117.0,154.0,13
6d4960ac7d360744fe5bac39cb90697d81128565,118.0,117.0,154.0,13
0a315befa7cb3132ab2ee6caa7dccb2299b7a348,118.0,117.0,154.0,13
2846ef3e27ff0e34812dad788b706f0a1e5b5e80,118.0,117.0,154.0,13
a7bc845a9ae2bc4c58566e6744dd3cec0f805244,118.0,117.0,154.0,13
28dc98e343ca4eb370a29ceec4c19beac9b5c01e,161.0,161.0,161.0,13
8325e43b82dd0bd00c37abed45861bb8c155b022,161.0,161.0,161.0,13
5c2bd8b77aeefa4c6484684ef3e9227a6287a93e,118.0,117.0,154.0,13
60759baac1f063a6c3069ca4b909abb8a20fa08a,118.0,117.0,154.0,13
4fb1c6aad82212051d95b2d0b1f4c877d076bf5d,118.0,117.0,154.0,13
be80a2392f5d10395bf934a066faeefdb6bb380a,118.0,117.0,154.0,13
94c9b5af703eb70adba349cfbfaaa3029849744c,118.0,117.0,154.0,13
f6c64c648ade843b44d517b2de41b8b882f112c0,118.0,117.0,154.0,13
9c96637163ef26c7726e693984c2d4d9599d4e7e,118.0,117.0,154.0,13
bb62e0a99fcbb9ceb03502bf2168d2e57530214f,118.0,117.0,154.0,13
dce96c41f9d11280ba25ca3927f3e627f03eaf86,118.0,117.0,154.0,13
4ecae3c8c182a7d3bd27b6e0e0afd0000f825d8e,118.0,117.0,154.0,13
2c7ee986c70e276531881d8730b9bb299b30d5c0,118.0,117.0,154.0,13
0e758ac5a8073983774dee15f1cd3d3b6c4bb5fd,118.0,117.0,154.0,13
e4da43b1f063d227b5f7d2922d27458748763a2d,118.0,117.0,154.0,13
0488792d2e56bfe38be6ea7f5456bd3286c807b8,118.0,117.0,154.0,13
2ee0056779a7fb736092fc78de10b7e908f46f25,118.0,117.0,154.0,13
f56a4390eec81243c259b1022350720f94573c13,118.0,117.0,154.0,13
93abd178716c20024422f902d2f0bc560be44dc7,118.0,117.0,154.0,13
fc6b5f523a083f9cc25156294bab4abfb3288663,118.0,117.0,154.0,13
4b7989b10321e5558fc00c93408c6631f9fc604d,118.0,117.0,154.0,13
1790f4fea04c2401feda0c96e35a3b50b1ba4fe3,118.0,117.0,154.0,13
c1d44cee954b46b5fce729ba31d9674fe527b868,118.0,117.0,154.0,13
eb7b9749f2b7bc0d0e0ac2c68d98cf1b8f4a2761,118.0,117.0,154.0,13
b643827b9443deadaa5804998116107953f8b42f,118.0,117.0,154.0,13
15b4a163950c2e8660a7797ce3975ccea8705f80,118.0,117.0,154.0,13
3e5b36c6378da0be3f5371cb1f2a3f84e1952fae,118.0,117.0,154.0,13
7826a7865c4d99e86c18e4a2bb42161f223196c9,118.0,117.0,154.0,13
b66f3b6bba3a4e0210f8d63ce456f3055c8aa85d,118.0,117.0,154.0,13
846df809bc671d6487fa2be7550e3ed2b62e62f9,118.0,117.0,154.0,13
bf748049f53cea3662b02d87cc91d44a0164e588,118.0,117.0,154.0,13
ac3f5a346860b824e083c5d305757c3260565475,118.0,117.0,154.0,13
296ab786eed237b59f76f6411e895cc1e3ce14ab,118.0,117.0,154.0,13
7202a6fa8773fdcf3f374625def3c15276250b67,118.0,117.0,154.0,13
f4d3af185988ad45ebc0a6dead32222cad2c03a6,118.0,117.0,154.0,13
78cf8efec34c419ecea86bc8d1fe47ec0b51ba37,118.0,117.0,154.0,13
48b3693d3cec7bd7996b1394a8df901d1fc26320,161.0,161.0,161.0,13
5028bf628c7ebfb85d14ec7dc296b264a1c3bcd3,161.0,161.0,161.0,13
9c4b0f66aab720a997228c071c671454196706d6,161.0,161.0,161.0,13
d0d7fed1a2522cc82dfa934df0cdd362a66058b1,118.0,117.0,154.0,13
11f8457fb9b787f350e176fd28ee8c01fd2b82d5,118.0,117.0,154.0,13
33dfb9f3f2aa6b7cc3fcba84ad8ac1485272e003,118.0,117.0,154.0,13
e9dcc3054fb0fdf0faafd0ef57a238f4a692fb23,118.0,117.0,154.0,13
19e02f4f46c46bcd2544e5811953a4ee324f2f7c,118.0,117.0,154.0,13
9476c6ed3dcf89b045d567c153f50de9528dd0ba,118.0,117.0,154.0,13
378dc9103a6b36ecac5f63eb0d5a87f573081094,118.0,117.0,154.0,13
244ea1b5e49081530e0ba5c717db1fdbe2bda73e,161.0,161.0,161.0,13
a026bde1ac84f90f0b82faa18890b2023c5198d5,161.0,161.0,161.0,13
789b3effec89e6f336726de109eb8be9dc60b7a5,118.0,117.0,154.0,13
9c44ea440323e35e4a234d0d27d511e9b4d8dc21,161.0,161.0,161.0,13
cd27bc7a0bdb7e62090c503b9e8ab4b4a6bb3d06,118.0,117.0,154.0,13
bb622de88df4c013d29f5caaec521ac91ba754fd,118.0,117.0,154.0,13
2b69d3116ffb4a800c408b8cb0b508ca1886ea84,118.0,117.0,154.0,13
ba5e05ffeff03c4835d0618ab34acb97ef753d0c,118.0,117.0,154.0,13
ef1e74065c19cc427c4a1b322154fd55d7a3588b,161.0,161.0,161.0,13
40069d6e3a195c8c2414ea60ed75b84ae47f88a1,118.0,117.0,154.0,13
0730dd4ffb39358f30b1a956cd9182aed1958b47,118.0,117.0,154.0,13
6a97da396470cb85e289a4810326fd7f50062b96,161.0,161.0,161.0,13
1b7ba794d21836f72e5888db63ab790077c04e1b,161.0,161.0,161.0,13
fba275dc93319ffa31ecebe015f8cda671fcf0e5,455.0,421.0,557.0,9
54cc8aca60e474e637e9d71b57ee2c6f1fb197e6,161.0,161.0,161.0,13
e3482ccf27b8278289f899cbb294696389a9e1c8,118.0,117.0,154.0,13
57415089bd33575bcb7e134ddb2e1eacee3dfaca,118.0,117.0,154.0,13
882add136fa8319832ef373b8797ef58edb80efc,118.0,117.0,154.0,13
3e8b7d3c77c464b29f7f3e0627ca7354f7de433a,118.0,117.0,154.0,13
7d2df051d05bc65a0a540ba080f07b421b4d99d7,118.0,117.0,154.0,13
a33fc72fe911fdb8e284c94e08e8f1dafe4d3187,161.0,161.0,161.0,13
22e5ae5c8e6859e5670a2c6bbf5798778373144c,118.0,117.0,154.0,13
ef09036cf34c2e5704c753a4ffb3c947a89402af,118.0,117.0,154.0,13
0c064d907b5d96cb4f68c9f1f3214b115d43436e,118.0,117.0,154.0,13
ac8ce18d89acccaa7a66900adff75d4aeb6ec80b,118.0,117.0,154.0,13
f890db83ee426f4bda0458728e813e45cc8531a7,118.0,117.0,154.0,13
c48f4b379eb3a0d093f5a87cce1d2ed6c175104f,161.0,161.0,161.0,13
2cfe66a8ee57fb3da18c262db8e6df95e263510b,161.0,161.0,161.0,13
3a30033327337323e91dcbcb87396d3245260585,161.0,161.0,161.0,13
5d2993b6eabb0e0efdbe17bd43a3bec07a1670be,118.0,117.0,154.0,13
5938454cbc585e0f4bdd9f1cc87c6886a3c1bff3,161.0,161.0,161.0,13
758c1f9d1bcab5115f5d9e990c952602ea58a161,118.0,117.0,154.0,13
af95749f9b06467e7536da24432b00989a7c8c5a,118.0,117.0,154.0,13
4d0912a206a32e9763424363617e8425f049f344,118.0,117.0,154.0,13
38124a40e480c1717326b7bc27bcbca758de908e,161.0,161.0,161.0,13
768c7cb710a970a522320f712f028f17eabc66ed,161.0,161.0,161.0,13
c9672ba4c86a5fb18ea20d1c4a2c0eb6a731f3cb,161.0,161.0,161.0,13
b80f629f5bcf798a3c9b37651d2369ad555e7382,161.0,161.0,161.0,13
77b34eaa0777020abb41096106e1c2f19b0a87c5,161.0,161.0,161.0,13
c4b4968397ca98112205c94fa3d70ae3aedbc475,161.0,161.0,161.0,13
dddbad728c93280fe54ef86699b6d70e2aab44d1,161.0,161.0,161.0,13
f131db9e3166c528d3b0352b653eb0d9deca5a65,118.0,117.0,154.0,13
75177c8591aee23374c2ead9c9505ce989a8eec2,161.0,161.0,161.0,13
7895b2b448ca6f8a34265b452cf5db1435828ce4,161.0,161.0,161.0,13
01e60a9a22fea0d10fe869b36d406b2eac131476,118.0,117.0,154.0,13
c3027be9d1962b3bf839f8e04eb05a86bc871ee9,161.0,161.0,161.0,13
28d67d9a262c7600f5c17bb8e2072fd224260ade,161.0,161.0,161.0,13
d1a8460caac1a19457e352a6b610b7bc89cd56d9,161.0,161.0,161.0,13
b439747bc1074f6f325987d6f2b1a38119d3b863,161.0,161.0,161.0,13
1b283377b18bc1e363005729b025a88b36084c4e,161.0,161.0,161.0,13
511dca80cce868237b2b64f909ed83863fcf5455,161.0,161.0,161.0,13
b8607f35b180a00b3f3240ff7d26d034a83fb23a,161.0,161.0,161.0,13
8bc095f7d5b847501e06e8bc1eafc50a314b99b9,161.0,161.0,161.0,13
515360f9e9be976344e3d21cf6f28dcd2ff3c4f9,118.0,117.0,154.0,13
a17062cf42556593fb73547e613b0be867026257,161.0,161.0,161.0,13
6fa68ff28856f85f8633ea054856e98962f167d0,161.0,161.0,161.0,13
fa675ebd998bcbf6192b95bb0fe70f345c06d07d,161.0,161.0,161.0,13
90117bda026bb10dbc6a15b77751be4f83b31d7d,161.0,161.0,161.0,13
694c76f5c12fe533db00568dbea4b5cfc00e2d5f,161.0,161.0,161.0,13
3ec804490a265f4c418a321428c12f3f18b7eff5,113.0,112.0,154.0,13
531788af951cbaf5356363f66c54594b555bdde3,113.0,112.0,154.0,13
ab37a18b60b4f061de8239256589faeaab630ff8,113.0,112.0,154.0,13
dc58c8554ab9ca8ae12944ce5a311a39d93835eb,113.0,112.0,154.0,13
a8d93d19a2fede14a35db163a1fd3bc87b6ac41d,113.0,112.0,154.0,13
c93ab42b7480a2c317713385f5ef3f8f2b099c2b,117.0,116.0,154.0,13
fc92b0878ccaa128e7c4505788f7c477284f0021,118.0,117.0,154.0,13
a849d36cf2877a1890371851710382f463290978,118.0,117.0,154.0,13
ebb1f6fe9d741151a737a8d509fab7339f18af63,118.0,117.0,154.0,13
72dd4a8e40c56efcff4a81f0a16a200497fdf74f,161.0,161.0,161.0,13
f9d7abec2ad2f9eb3d8873169cc28c34273df082,161.0,161.0,161.0,13
070e5f72d9d6f0056895bd3222e75f8075ed4c0e,161.0,161.0,161.0,13
79e913c24aa37d0ede9ed9e8962a19634ae5129a,118.0,117.0,154.0,13
1a845a2c88e5b72acce33c9719ec36fcd0f9c877,161.0,161.0,161.0,13
569aa376ea2bb3f27f6248543f3df91c71e612d6,161.0,161.0,161.0,13
eee886cfb0de096a4b0144bba4fddaf1db0a4555,161.0,161.0,161.0,13
8eb9460045e44065a85c1dc735bbb8fcba776146,161.0,161.0,161.0,13
e92b848cb6a77172d2fbd2bda39a32e371d40eea,161.0,161.0,161.0,13
bc83266abe36905cade4719cbaeb8a62d0a382da,161.0,161.0,161.0,13
3aca1fc6c9c69fbfce0e6312fc8e3087cb6334a4,161.0,161.0,161.0,13
9fd750461befcaf984d5966606308c8cd6912f3c,161.0,161.0,161.0,13
9850fe5d95ac14585998e6ebeaf158c976954b1b,161.0,161.0,161.0,13
cf93982faefd3a9a488ea9a68c60e3a81a4e0432,161.0,161.0,161.0,13
4939e2c435529095059faa72a4004a4849fb8682,161.0,161.0,161.0,13
f06e90dac1f63f46d299ca728464fb0a450f6972,161.0,161.0,161.0,13
f172ad627553dfd0cbb47e7a5726eb1677dea2bd,161.0,161.0,161.0,13
9df4a6074a98740b70b980d43dca5203db0ff688,118.0,117.0,154.0,13
9b669787fc6ebc527df9ad058c4bcaf46bacc267,161.0,161.0,161.0,13
