Commit A,Commit B
d9545c7f,8f449614
8f449614,12913a78
bb0ba997,7a3eb9e2
dcde8b3d,2fc0f184
2fc0f184,2e3926b9
2e3926b9,fd9dbdfb
05a5869a,17130a70
577dfd03,90a78b83
90a78b83,f831acc6
268ef4d3,951b551d
d66f68ff,f2c96ceb
7a7d0854,e059388f
8648eacc,40cfc958
5bfc50d6,bfc99b63
1f66975d,f4beed60
f4beed60,3f215b03
3f215b03,12f7526c
e6273f4d,845de33a
6a36e1e7,787a490c
13af774e,14af79b9
66106691,b153d2ae
b153d2ae,0f8e8313
0f8e8313,3916adf9
3916adf9,d9d501b0
d9d501b0,e9980419
e9980419,c57e501c
9ce2824e,352d72a3
8e342255,72ce3ff7
0409e0b6,c72ee44b
73e57aaf,5c639201
a43b68a1,a87bcd6d
9e6c1e91,50b4a780
50b4a780,f7f90e0f
f7f90e0f,adbcfe65
968004c3,e29300d6
b051c59a,77773228
b15a3e00,462cbb41
462cbb41,66409881
aa20cbc2,2bb73ae8
2bb73ae8,cd82b7a0
cd82b7a0,d2986d0f
d2986d0f,07ffe871
d615628c,9812f213
d3621de7,ff2981f7
6d5badb2,392f6d31
9e6a4cfc,e0876bca
799e09e5,4aa2c475
4aa2c475,e2522f2a
e2522f2a,7063693d
7063693d,9ee8f940
4b0891ff,257f6f40
d2554c72,51dd3e81
51dd3e81,6f27b941
6f27b941,1da16e1e
22a72335,ee87a6e7
ee87a6e7,2595a8b1
30b5ae4d,5cae882d
5cae882d,901f9c6d
901f9c6d,6ca4c390
6ca4c390,885eefb1
6c0c2bf5,f4c9eaa4
a48f9bb1,574f5a59
574f5a59,b8023558
b8023558,82f0dfca
0c1138cb,dbd23433
b76184e4,36371e4c
161fcbe9,8bcba3d0
8bcba3d0,70e1d53d
7243f5f3,e9c6b279
e9c6b279,10a9ddba
10a9ddba,1ffec303
1ffec303,d7263d09
d7263d09,71dac5ce
71dac5ce,2f63cea9
2f63cea9,c84a86c9
c84a86c9,91b769c4
91b769c4,b0f4b408
fe17fc00,1df036ea
fb85db84,8f31fac3
a1bc3dd4,be3ac81f
29e54b01,bf523da2
6326f199,0719f3ee
0719f3ee,68353144
68353144,984ad9e5
984ad9e5,5b04ee3b
860a2ebe,9f23e040
9f23e040,c88098d7
c88098d7,d9925d1a
d9925d1a,0f974e21
0f974e21,34d8f5a8
34d8f5a8,a7d4c49a
a7d4c49a,f6136f3c
f6136f3c,283badc3
283badc3,05781d37
389c3289,1676827c
0b65a8db,c42b5d8e
71abeb75,bd8f0055
bd8f0055,7bafc675
b8ba412b,41f5b21f
ae9f6311,f0bca72d
f0bca72d,aef18cc6
2a0e6cde,6f8d9bcc
6f8d9bcc,b0e098ce
b333d0d6,21d2a9e3
634d2344,5580b271
5580b271,dc72b500
3a39f61e,8ffc9d26
a28705da,92c28525
25c7aeb1,efe47281
efe47281,3a0b6b9a
fa96ea1b,92b38093
cf596442,bcb497d0
12fd3496,3a8af7be
3a8af7be,71564516
71564516,165056b2
8a679de6,92b1551b
8169d0d0,6e30b2f6
6e30b2f6,5d9b2de4
1354c9b2,665b35ec
64093fc0,7013220d
2721ce21,05219a12
44f243d3,346ef530
346ef530,b5f62ebe
b5f62ebe,9318c5dd
9318c5dd,e8e44de7
e8e44de7,5c24cdea
ef635b90,873700c9
873700c9,8bf3b758
7fcbd37f,3f0f6624
45a3e526,0d789a5b
79891cb9,3d9ff4d7
3d9ff4d7,569e554b
569e554b,508ea882
6d43a0ce,41da7111
269a7a83,a45a2600
cdc37277,2997178e
2997178e,079aa97e
079aa97e,cccf74e2
cccf74e2,9e70233a
ed008d7b,b7410f61
d993ce1e,e1d09701
e1d09701,3cddb008
31da121f,6a7bcb54
905f27b8,e26a8c47
e26a8c47,19a7f24b
19a7f24b,46e3d17f
fcf0fe9e,3ad87c80
066790d7,43ec5509
9b35cadc,76f9d8ba
cc6ee97c,070b7e44
4322353b,96335bcf
efee9553,01247e02
01247e02,8d6a7e9a
73bc4b49,349e0c1a
6d41eb68,0196c75e
0196c75e,1958a17f
6d8c5454,d15c05a5
ab7797db,18a74a09
18a74a09,067622b0
067622b0,4633a846
4633a846,c5f04ddd
2eed2780,ffeef642
ffeef642,a8739244
a8739244,3bc581b9
3bc581b9,4c4de895
d24b21e9,0fe5043d
0fe5043d,2880d16f
2880d16f,bf0c6603
c5119dcf,e3f51039
841caad9,0767172b
0767172b,fdba2cde
fdba2cde,36d67921
bab74837,e3efa94b
e3efa94b,d2addc3b
d2addc3b,5819c2ee
5819c2ee,fe0537aa
09667d01,f7935827
f7935827,77356122
4e1b06da,1a0962de
412b9a16,6d523a3a
6d523a3a,d426430e
d426430e,0111681e
adb33566,ae989a61
ae989a61,df8e472c
9dc3515c,aefc81ad
fce04c3c,6ea57703
6ea57703,4d7b0efc
4d7b0efc,179795e5
11f4eb19,95235f5b
c1496934,82f6178a
82f6178a,60452a30
60452a30,949782d8
5c1ebcca,5f4e3bf5
5f4e3bf5,c2691e2a
c2691e2a,c22f6202
ef1cf016,0a20325a
df5a9255,fda65fad
fda65fad,0bbda4ba
269085e1,c49fd57b
deee904a,2ff7dff0
2ff7dff0,e1658495
cf4c2cfe,a52397cc
a52397cc,d0b39a03
2cb040ba,46e22b70
661c3e9b,3d0a8338
3d0a8338,5f359008
5f359008,924b7eb1
924b7eb1,afc676f2
afc676f2,55c529a7
9b561499,b4da9d62
b4da9d62,4e8161a8
4e8161a8,09bdff29
09bdff29,33ba9c64
33ba9c64,fa90ab4a
054a5aee,3324dd8f
3324dd8f,48860819
e51217e1,d1657b57
5caeeb83,793dc676
9d9babb8,e8c16726
18547aac,3d5b23a3
695f95ba,415c7dd0
5e5be9e2,878452b9
b8e47d1a,3f2e2297
57f5d52a,12e0437f
5ce5f5fa,19e9542f
19e9542f,9b67c994
03c39b34,08aade70
08aade70,de61cebd
de61cebd,023ff39b
023ff39b,a199a7c9
a199a7c9,6bc91f23
6bc91f23,bc437d10
bc437d10,1be36b60
4df7c8a0,65237284
65237284,c578a09b
1f5d429e,c8b080af
674d38f5,2f84df2c
7758b02b,7e58b816
7a738b40,1e4bf907
1e4bf907,e25a4ded
e25a4ded,979f0303
979f0303,f2140c38
1d77bed8,ed0f7bde
5854b36c,fd4df422
5c589a73,3c8ede3f
3c8ede3f,c61b2af7
c61b2af7,e82675a0
e82675a0,d19e3a5b
deb9c157,6672b9f9
cbcd2cbd,aabbd3f3
3d75bba2,ef22318c
ee861e0f,52563d7e
e04d08a4,e78d5d49
7eb6e10c,fa262cac
dabd35f4,54307ea7
54307ea7,715a51bc
715a51bc,d604176d
d604176d,58142c09
58142c09,6d308627
6d308627,080739ba
080739ba,2af7da9f
2af7da9f,d751dd11
d751dd11,89b8710f
89b8710f,bb2d8a81
bb2d8a81,3c5de5c7
493ddea5,62e5e83f
d0ccc82a,52debb68
52debb68,5f30bb4a
5220b758,76180a2b
5c9159de,b1ec08fd
b1ec08fd,52fcec75
52fcec75,a5229cc9
044fb190,503e2241
503e2241,bac233f2
bac233f2,231a4b77
211c61c6,1335d76e
1335d76e,a903e233
a903e233,deb8e15a
deb8e15a,fd2e7daf
fd2e7daf,43b8bba6
17966c0a,94e99012
94e99012,166df26f
7171a0b0,fd3e6747
fd3e6747,da49a7da
ec9d2249,2703572b
42bd6681,7a23f736
79ed43c2,882d49ca
882d49ca,b738396c
75676c8c,16726cfa
16726cfa,77a9745d
77a9745d,c714e45f
c714e45f,f6a4e61f
3ac87030,6b9c38e1
6b9c38e1,33eacd3f
e634160b,82246e07
29493589,ecba1953
ecba1953,49c58d86
49c58d86,a9b02de8
a9b02de8,993a21b0
993a21b0,7b35efd7
7b35efd7,1cd772cc
1cd772cc,f9e7d9f8
6d6a782f,3b75ee93
c66b4700,90cf590f
90cf590f,cec9264f
cec9264f,9ec26e79
9ec26e79,8109984d
8109984d,508a285c
508a285c,dc21164e
dc21164e,7418a6b1
e0e56cbf,7725bebe
7725bebe,63641fb0
63641fb0,a63d31b4
a63d31b4,a883c31a
df9da64a,d4c6375f
39cadeec,566fdaf6
f5236a77,96e08010
96e08010,2b6456b8
2b6456b8,3d55eea8
08bb3500,da470981
da470981,f26eef30
3be89f9b,7043c707
83558686,68f3c079
68f3c079,27ac8371
c6eff44d,31471ba2
31471ba2,b0a61ab2
accb613a,fab60274
fab60274,06dec439
06dec439,74a7fa44
a91e6925,280abfd4
280abfd4,c0071ae5
c0071ae5,c4c02bf1
eb09121b,2b68222d
d38c7b2c,8465541e
8465541e,7b232add
a8a5d251,6b34ce90
6b34ce90,702ebbf4
702ebbf4,87492cb2
3cc75c10,9db39797
7b01ab56,b4e8a847
8c6d1f98,d132b32b
d132b32b,259f22af
259f22af,377d7ded
377d7ded,3be18b47
de8946de,3c8a51e8
6003303a,3f338f43
3f338f43,def480fe
def480fe,eee98e74
64ac39af,406621f4
406621f4,fbd3199a
0f12c7d4,5f072e00
5f072e00,1bd37509
442f6fd3,6ae6a233
d7fd792e,996ee6d2
996ee6d2,1b8132d9
1b8132d9,c97268c8
d0b6966e,2c608e0f
2c608e0f,ad2d7776
b8307836,053e2fb5
053e2fb5,4966b58f
8a81d5f5,174f9e62
e5a730a1,c81d2836
c81d2836,8e4571e5
8e4571e5,6cbec0da
08df31ee,514dea90
55cbe18e,0f3d855e
0f3d855e,d9497518
32b8c581,2a96d398
f8f7adce,77023ea3
77023ea3,3157c880
3157c880,002f206f
002f206f,a73cdd21
56dfeb62,dfb7a1b4
683f17ec,3e8e32c3
3e8e32c3,1e461c4f
1e461c4f,bc9204d4
6999bc70,77947bbe
77947bbe,6bc6b6c0
02962d36,50492f7b
50492f7b,c0fa44d8
b5944f34,4d9c7e6f
4d9c7e6f,54ba5a1a
aa59e14b,f6fb30a0
04e08698,52db4b04
52db4b04,a3503124
6395499a,4067a454
4067a454,cf27c799
cf27c799,d083d420
67b3a5d4,a58a8e3f
a58a8e3f,f4fa8a9b
80460f51,92bbe7cc
4d7bc52b,6b7728db
6b7728db,9eed4f37
9eed4f37,1e701059
1e701059,c81539b5
c81539b5,c0222e76
c0222e76,995bc22d
995bc22d,10881f07
c6b0597e,38f460ca
46ac74b7,ca5c701c
6f253057,bc57b9c0
bc57b9c0,542aa25d
542aa25d,af4941d4
af4941d4,02a8cfa4
02a8cfa4,c6c9e188
c6c9e188,957a0fe2
957a0fe2,be7e795e
be7e795e,c4f596b9
c4f596b9,560b0e8f
560b0e8f,1eb47f16
1eb47f16,189d035e
743fba85,aa9136a8
a220e2bb,1e274ef2
ee7fd70e,48aa37ed
6a024a24,f7b01d3e
00f27feb,3819fb9a
6b9114c6,768ededa
7647537e,78849622
dc7e09a3,43a42aa4
a0a1831b,b3cbdd41
b3cbdd41,dc29ddeb
af920e36,2703c22f
2703c22f,2ff30e67
5a36d00c,ac76fd54
ac76fd54,2201ee09
2201ee09,b36045c1
b36045c1,599e7a0b
599e7a0b,954176c1
954176c1,967d7f89
967d7f89,61efc5c2
dbc5276f,60b84ba2
8e4b75a9,24fbe004
7a3ea666,1a5f1a3f
1a5f1a3f,11b53957
a42d7b6a,27b5c1a0
ca79c985,4cf2143e
c9af708b,1ecdecce
1ecdecce,24959bad
24959bad,d9fc746c
b249e39f,07e7dbf0
07e7dbf0,4d5acae0
f95fdc25,bb493a5c
f36538d8,b6446d54
dbf1b5fb,119ab159
ccceb7bb,2e3a16b2
2e3a16b2,b3dfeebb
b3dfeebb,f4fd6276
e0c1ceaf,2f9c615e
18f3ce88,b32d7c52
8a5ad2ba,6d4960ac
57734b4e,0a315bef
f989ac27,2846ef3e
7c9c2f8c,32c43f59
32c43f59,202275b9
202275b9,6e3c1595
6e3c1595,d6b12300
d6b12300,a7bc845a
6d14eac3,1fc458d9
1fc458d9,25804914
25804914,28dc98e3
c0c20060,99429213
99429213,d4aae459
d4aae459,8325e43b
e6b07da2,5c2bd8b7
ee92ab99,60759baa
612c49e9,4fb1c6aa
b58a68c1,be80a239
e4770f67,b2dfeb7c
b2dfeb7c,379642bc
379642bc,94c9b5af
0bb80ab0,0a4ae91d
0a4ae91d,e1fae930
e1fae930,3edcc048
3edcc048,60cf6cd7
60cf6cd7,f6c64c64
81944e9b,a0393a29
a0393a29,9c966371
9d77b040,5ab72271
a086f921,3e7eaed0
3e7eaed0,bb62e0a9
1b614c07,2225e1ea
2225e1ea,dce96c41
e94eac49,ba6746c0
ba6746c0,4ecae3c8
d41626ff,7b91929b
7b91929b,504c4d42
504c4d42,f53c5de2
f53c5de2,2c7ee986
1f6b1afe,0e758ac5
59801976,116fb64e
116fb64e,e4da43b1
3b754eed,0488792d
17d6c744,2ee00567
06c0ed7b,f56a4390
f63df942,93abd178
8624735d,fc6b5f52
e15b9606,45cbc37c
45cbc37c,4b7989b1
afd67263,70471ed9
70471ed9,b0176ce6
b0176ce6,cb7fb9ed
cb7fb9ed,37e61153
37e61153,16f9b4cd
16f9b4cd,f75619bd
f75619bd,0607e100
0607e100,1790f4fe
e0e7f99e,c1d44cee
57f82f4f,a4dded01
a4dded01,eb7b9749
511155db,b643827b
7ac04f13,4f4458aa
4f4458aa,15b4a163
227307a6,a42e1b41
a42e1b41,f364f027
f364f027,3e5b36c6
e7e183d6,7826a786
41d2716c,99a64e4b
99a64e4b,b66f3b6b
75ec4a6c,b42ca35e
b42ca35e,940a911f
940a911f,846df809
41b3eb4a,df2a6e38
df2a6e38,bf748049
1e0c3b68,ac3f5a34
75057691,296ab786
98718242,7202a6fa
2c5e2865,f4d3af18
8f9aeb0d,78cf8efe
fa13fd17,48b3693d
034667a4,7e71542e
7e71542e,4473060b
4473060b,48a96972
48a96972,a54e938e
a54e938e,5028bf62
cd02599c,9c4b0f66
14bb40b3,d0d7fed1
5c896f7c,11f8457f
1eab194b,33dfb9f3
0a3f07d6,e9dcc305
a5c1efd6,802de3da
802de3da,19e02f4f
f57f37e2,24c8407e
24c8407e,9476c6ed
126c9e05,378dc910
077be78d,bbbb7de7
bbbb7de7,5d0bc90e
5d0bc90e,244ea1b5
09fb5356,a026bde1
7d5a38b6,789b3eff
b92ff6e8,5a8e7c34
5a8e7c34,f2214ded
f2214ded,9c44ea44
d2ee1185,d2b7d9c7
d2b7d9c7,2eb80bcd
2eb80bcd,f9b11147
f9b11147,ee3051bd
ee3051bd,029aeeed
029aeeed,c772d1bc
c772d1bc,cd27bc7a
252ef8fe,bb622de8
e25c1229,41534b62
41534b62,2b69d311
110bdbdd,a9508a13
a9508a13,8f71209d
8f71209d,ba5e05ff
0041bf65,ef1e7406
6362ed0b,40069d6e
c105f563,0730dd4f
07af8891,6a97da39
5d3206d5,1b7ba794
8668976b,2a1bd45b
2a1bd45b,fba275dc
60b091c6,54cc8aca
fd1062e5,e3482ccf
845eec2b,57415089
47242cd1,882add13
37ee680d,3e8b7d3c
9e7ec634,18d0002d
18d0002d,7d2df051
be4dbbbe,a33fc72f
d8245bb3,22e5ae5c
5ce10c0a,ef09036c
a560d870,0c064d90
0fb3c4fc,ac8ce18d
50c2d855,f890db83
2e5d6503,c48f4b37
372b050b,2cfe66a8
e3a43446,3a300333
16d2676c,5d2993b6
2d646e3e,5938454c
e2cb6ab8,627fde10
627fde10,1f9e18b7
1f9e18b7,0d8a814d
0d8a814d,17eff96b
17eff96b,fa099d23
fa099d23,d026a256
d026a256,758c1f9d
c061a149,3c78fd80
3c78fd80,af95749f
4cdf3f9d,4d0912a2
06478dab,64bd31b4
64bd31b4,38124a40
94028310,768c7cb7
46bdfa39,c9672ba4
864033a3,6cbc478d
6cbc478d,b80f629f
e3115974,77b34eaa
027a3b94,40bcf318
40bcf318,4d9bc37f
4d9bc37f,44dc738a
44dc738a,505ad913
505ad913,c4b49683
54fd3243,dddbad72
28f4aee3,f131db9e
721f5f1e,ebdfa294
ebdfa294,75177c85
93fdf301,9f41c7a6
9f41c7a6,7895b2b4
61d4c309,867e40ff
867e40ff,01e60a9a
501d3cd7,5621760f
5621760f,d395745d
d395745d,7f1b2251
7f1b2251,c3027be9
78bde923,28d67d9a
1524ccdc,419fd786
419fd786,610b2337
610b2337,d1a8460c
a6bb78c3,b439747b
d2bbb7c2,9a266912
9a266912,7c8d2b00
7c8d2b00,aacc5c1a
aacc5c1a,1b283377
e0a92804,511dca80
af6730e7,b8607f35
4931b02f,8bc095f7
d7e6b6a8,515360f9
db4eca1f,6a523d66
6a523d66,a17062cf
218c8837,6fa68ff2
016d66f5,0e6d899f
0e6d899f,fa675ebd
4fa66c85,90117bda
87cb7997,694c76f5
28e1aaa4,3ec80449
4000b402,531788af
ac332012,ab37a18b
70fcaef9,dc58c855
c8dd1e3b,a8d93d19
cd088732,c93ab42b
d61226c1,fc92b087
840ed141,a849d36c
773e3a2e,ebb1f6fe
95d67879,72dd4a8e
12cd0bf9,6f52b741
6f52b741,ae520e36
ae520e36,98f2a687
98f2a687,9e58beca
9e58beca,2b70e88d
2b70e88d,fba92be8
fba92be8,473e3930
473e3930,e799ed40
e799ed40,a0bba65b
a0bba65b,207a06ce
207a06ce,0ef8e169
0ef8e169,2c1eb104
2c1eb104,0d32c183
0d32c183,5a522142
5a522142,2e477d8d
2e477d8d,f9d7abec
de950c57,070e5f72
974b50c5,825b9226
825b9226,c0c70f7a
c0c70f7a,79e913c2
57e0ef0e,1a845a2c
d32de66a,912c13d5
912c13d5,71f35d5c
71f35d5c,569aa376
9e31eafe,4322478a
4322478a,eee886cf
1e4085a0,8eb94600
68ab61dd,e92b848c
33d66df3,7422ab50
7422ab50,1e43ed98
1e43ed98,bc83266a
e6a492b7,834bc47b
834bc47b,3e930981
3e930981,3aca1fc6
f26efc58,49a09e74
49a09e74,740ee055
740ee055,a92ea68f
a92ea68f,d3101b53
d3101b53,9fd75046
cedfc41a,9850fe5d
98491298,4417df8c
4417df8c,1aa40df6
1aa40df6,a58a1b01
a58a1b01,654b9a90
654b9a90,cf93982f
de37d50d,4939e2c4
6f37eb7d,ace976b2
ace976b2,f06e90da
a9b5f5bf,944cffbd
944cffbd,48be4c62
48be4c62,a9dbc179
a9dbc179,c251c83d
c251c83d,f172ad62
65e2041e,3f789719
3f789719,e294e895
e294e895,9df4a607
da5a1f81,b7b744f2
b7b744f2,9b669787
