commit_hashes,commit,time_stamp,unix_time_stamp
d9545c7,d9545c7f465ed103df44cd93caddfdd265757779,2016-05-11T14:56:00-07:00,1463003760
8f44961,8f4496148b643f48ec969f48fdaf5d6d8e6153ed,2016-05-11T16:25:32-07:00,1463009132
bb0ba99,bb0ba9974314da72bba9a6200fa3bd61c4d9eab4,2016-05-12T12:11:14-07:00,1463080274
dcde8b3,dcde8b3dcd8d4411a2311fa0a93ca4ca3b26d61f,2016-05-12T12:21:24-07:00,1463080884
2fc0f18,2fc0f1849bd0d6100719bb53f89f15fbd734157a,2016-05-12T12:21:25-07:00,1463080885
2e3926b,2e3926b9489cb767b38526a3a72403087053a1d8,2016-05-12T16:28:43-07:00,1463095723
05a5869,05a5869a01779e6fb55535aff9b01716aac42dcf,2016-05-13T12:37:44-07:00,1463168264
577dfd0,577dfd03024f1913c6eba63b43a56d254e694347,2016-05-13T14:00:03-07:00,1463173203
90a78b8,90a78b83e0b812d1f42501a54372720def4ddd84,2016-05-13T14:35:49-07:00,1463175349
268ef4d,268ef4d3d07e4cf9909ac060b63b195509391190,2016-05-14T10:37:29-07:00,1463247449
d66f68f,d66f68ff985f494f3122ab05b532c6e41884ad64,2016-05-17T13:33:20-07:00,1463517200
7a7d085,7a7d0854ff3cb1bc5b95e9295b9c11089d9a75a6,2016-05-17T14:38:24-07:00,1463521104
8648eac,8648eacc1d45a7d25cb4d293549bbe6ae17cbd81,2016-05-17T14:38:28-07:00,1463521108
5bfc50d,5bfc50d6fe58ec38f55efff43220dc3274b4629b,2016-05-17T14:38:38-07:00,1463521118
1f66975,1f66975deb8402131fbf7c14330d0c7cdebaeaa2,2016-05-17T14:47:06-07:00,1463521626
f4beed6,f4beed60d5ef3fdbd31ac5bd3162182fdf2bf0d3,2016-05-17T15:02:25-07:00,1463522545
3f215b0,3f215b03289ff594f3e4aba7c7a4b774dc4c226e,2016-05-18T08:48:06-07:00,1463586486
e6273f4,e6273f4da51287363137a24200dd43b87c801b3d,2016-05-18T14:15:36-07:00,1463606136
6a36e1e,6a36e1e7bb64726cc712259aff57179d81361b5d,2016-05-18T14:17:39-07:00,1463606259
13af774,13af774e263341eecdd67e6ca28ecc47d7997152,2016-05-18T14:40:10-07:00,1463607610
6610669,66106691a1b71e445fe5e4d6b8b043dffc7dfe4c,2016-05-18T14:40:15-07:00,1463607615
b153d2a,b153d2ae9206f752dd383c7bc30a5ab246ee5bcc,2016-05-18T15:11:46-07:00,1463609506
0f8e831,0f8e831356d4f1a34baf46bb1a6b2d4c89ec9cb8,2016-05-18T15:32:41-07:00,1463610761
3916adf,3916adf9978b020f9a9b165f4c1c109046899560,2016-05-18T15:33:57-07:00,1463610837
d9d501b,d9d501b0683f47f0150ea5c545426f9474cdd350,2016-05-19T12:51:22-07:00,1463687482
e998041,e9980419cb925ba158f3015252e0afa2cea5a1b6,2016-05-20T14:11:42-07:00,1463778702
9ce2824,9ce2824e4ba56bf0f2017a0e351fa35c22a705ac,2016-05-23T14:54:28-07:00,1464040468
8e34225,8e342255224f459ddff4d7f974161ae47d26d1d7,2016-05-23T14:54:30-07:00,1464040470
0409e0b,0409e0b6dc169b07c05d02e8b62389b1cc975a45,2016-05-24T13:19:23-07:00,1464121163
73e57aa,73e57aaf4ded85bb5387365f1ebefaabf80cf073,2016-05-24T15:48:18-07:00,1464130098
a43b68a,a43b68a196652a0c6b054ee4905ac98d1cdcbbb9,2016-05-25T09:42:53-07:00,1464194573
9e6c1e9,9e6c1e91a3f06eec45f976ed3ff4e9f445cf7328,2016-05-26T10:44:26-07:00,1464284666
50b4a78,50b4a7807f5f1db79a0a4f4400c29bc00efbd307,2016-05-26T10:45:37-07:00,1464284737
f7f90e0,f7f90e0f4f58d493242078d17c0eba41dd3f1f79,2016-05-26T13:12:02-07:00,1464293522
968004c,968004c39c65e8a5d1a0b86af75fcf16a5eb6835,2016-05-26T13:17:22-07:00,1464293842
b051c59,b051c59a00dbe1b2316d10ac95c789de2ad35d18,2016-05-26T13:21:00-07:00,1464294060
b15a3e0,b15a3e005af07843116c73205742adfbab3d2e82,2016-05-27T11:24:54-07:00,1464373494
462cbb4,462cbb415e41aa890e78a30a5cc29558baa80b23,2016-05-27T13:16:47-07:00,1464380207
aa20cbc,aa20cbc2e6cc39853dad688fcd7dc51132172fcd,2016-05-29T17:05:38-07:00,1464566738
2bb73ae,2bb73ae8037ae6fd82f002257d04f8cda2a721cd,2016-05-29T17:10:05-07:00,1464567005
cd82b7a,cd82b7a0f7217d82dd04fd95f88f0cb3294199f6,2016-05-29T17:32:12-07:00,1464568332
d2986d0,d2986d0f290a065fb8a534fabfff36c40d37ae97,2016-05-29T17:58:34-07:00,1464569914
d615628,d615628c354ad2aaf3f3f37b3f84ddcc7c3537c6,2016-05-31T10:01:51-07:00,1464714111
d3621de,d3621de789ab57739f48b065751089d828b50240,2016-05-31T13:07:58-07:00,1464725278
6d5badb,6d5badb2389d5d1d0752a230cd7ee74bb4043893,2016-05-31T13:08:56-07:00,1464725336
9e6a4cf,9e6a4cfc38aa81055d0b7d6fb94dc7b31809daa9,2016-05-31T13:08:56-07:00,1464725336
799e09e,799e09e5fb9e23e2baae164ddc84a03879db6a6a,2016-05-31T13:08:56-07:00,1464725336
4aa2c47,4aa2c4753d152aef810eaf3f3f4fa1df7035d9b0,2016-05-31T13:08:56-07:00,1464725336
e2522f2,e2522f2acaec35130520f76c36c711b2011ed310,2016-05-31T13:44:59-07:00,1464727499
7063693,7063693d51778815cfb9a4bc1e4e6d16f13589e7,2016-05-31T13:47:18-07:00,1464727638
4b0891f,4b0891ffe4ec3aef081cf48c5f9a747586076f7a,2016-05-31T14:11:38-07:00,1464729098
d2554c7,d2554c7207896136ad2033776efd29578592a3fb,2016-06-01T08:04:08-07:00,1464793448
51dd3e8,51dd3e81d4b5098d7eca9a1370616b8e8f7784c2,2016-06-01T08:17:15-07:00,1464794235
6f27b94,6f27b941f2664c1653d0c4edcec5686119f0c023,2016-06-01T10:10:16-07:00,1464801016
22a7233,22a7233584b1983e2a7337d3b0f2c13f0cc34651,2016-06-01T10:10:16-07:00,1464801016
ee87a6e,ee87a6e7404549d2be738bd54f2f191e8b5ea352,2016-06-01T10:10:16-07:00,1464801016
30b5ae4,30b5ae4d41c7e5b5655fb0e737db4764a17033c0,2016-06-01T10:10:16-07:00,1464801016
5cae882,5cae882d27c99604bc654ea35102d17b178affdd,2016-06-01T10:10:16-07:00,1464801016
901f9c6,901f9c6d42dd9857ecdac76413014c1497d34614,2016-06-01T10:10:16-07:00,1464801016
6ca4c39,6ca4c390933597f20db006445e844797ca7cd2c9,2016-06-01T10:10:16-07:00,1464801016
6c0c2bf,6c0c2bf56c7a3484d157661fb4660f5aefe67a83,2016-06-01T10:10:16-07:00,1464801016
a48f9bb,a48f9bb1b31329b29eed9808844c147f613b59ad,2016-06-01T10:10:16-07:00,1464801016
574f5a5,574f5a59d85153309ea9856f425ca610074e1116,2016-06-01T10:10:16-07:00,1464801016
b802355,b802355863814b331ffc4ae029b228472e874d1f,2016-06-01T10:10:16-07:00,1464801016
0c1138c,0c1138cbdbf7a82f8373077b77a1878f742a5222,2016-06-01T10:10:16-07:00,1464801016
b76184e,b76184e41003c6bd4731d79474c72449f854b37c,2016-06-01T10:10:16-07:00,1464801016
161fcbe,161fcbe9884466e95cf5b1c7cd22f64a16a24045,2016-06-01T10:10:16-07:00,1464801016
8bcba3d,8bcba3d0d60d859c1494cdb59301cf84befcdfaa,2016-06-01T10:10:16-07:00,1464801016
7243f5f,7243f5f3507abe3d083ec18e44bc7cb464fa06f4,2016-06-01T10:10:16-07:00,1464801016
e9c6b27,e9c6b279b8226b2ab93a6a550a654640ccc5b256,2016-06-01T10:10:16-07:00,1464801016
10a9ddb,10a9ddba2c3478c8080acc1b2c83d75d09ee2492,2016-06-01T10:10:16-07:00,1464801016
1ffec30,1ffec303ab043c392e480d37df2b34e40f3d4bd0,2016-06-01T10:10:16-07:00,1464801016
d7263d0,d7263d097c4510d864f8c9ff808bc9b377f0bf8f,2016-06-01T10:10:16-07:00,1464801016
71dac5c,71dac5cef57daacb35a56b4b54e1a30bc6417968,2016-06-01T10:10:16-07:00,1464801016
2f63cea,2f63cea963667d17271d96196b6ef1605790032a,2016-06-01T10:10:16-07:00,1464801016
c84a86c,c84a86c99526b88cfd7664888ecbfd28f35a025f,2016-06-01T10:10:16-07:00,1464801016
91b769c,91b769c48f4cf46d9514770849a1bf9cb33430c3,2016-06-01T10:10:16-07:00,1464801016
fe17fc0,fe17fc0006927246c5905ef9352e7e89a3c5814b,2016-06-01T14:15:17-07:00,1464815717
fb85db8,fb85db84dcc36dcc3cdd5fc744280334bbe8eb47,2016-06-03T09:01:02-07:00,1464969662
a1bc3dd,a1bc3dd46433c6e7e6f1ca5f3bd5429858a60078,2016-06-03T10:31:56-07:00,1464975116
29e54b0,29e54b019f55f48af3f0d4c62eede86058c16b52,2016-06-03T14:38:03-07:00,1464989883
6326f19,6326f199252a1a5fbdea105473f8305d850cdd87,2016-06-03T14:38:35-07:00,1464989915
0719f3e,0719f3eecd1234f6331cab980088239207e93335,2016-06-03T14:45:56-07:00,1464990356
6835314,6835314459794831a1b88bed56549653710e910c,2016-06-03T21:58:18-07:00,1465016298
984ad9e,984ad9e56c9d884f7f1aa7d6b2052f3fb082ee5d,2016-06-03T21:58:35-07:00,1465016315
860a2eb,860a2ebecd26563e6ac0f89c90052b41a17d1703,2016-06-06T10:58:55-07:00,1465235935
9f23e04,9f23e040615857e3909db51a5420f338c9831b5a,2016-06-06T11:14:14-07:00,1465236854
c88098d,c88098d7f19c6322fbd911bb89e2efd246bf75c4,2016-06-06T11:14:43-07:00,1465236883
d9925d1,d9925d1a714a440f4063f64e1bd776194d2dd918,2016-06-06T11:40:15-07:00,1465238415
0f974e2,0f974e2124e5220674eee079988b87e23f5e2de1,2016-06-06T12:59:28-07:00,1465243168
34d8f5a,34d8f5a8aa4aa17af3158f325173eb08c9c05eb1,2016-06-06T13:09:07-07:00,1465243747
a7d4c49,a7d4c49a8201f75699bf59852ef8e345f41a12b6,2016-06-06T13:11:02-07:00,1465243862
f6136f3,f6136f3c39a4e7b9b98c11e69d38e15f5705204b,2016-06-06T14:18:55-07:00,1465247935
283badc,283badc38e99f1dcdbb7bc5f6b5b3ace886b3bfd,2016-06-06T14:18:55-07:00,1465247935
389c328,389c3289cfa5bc0a232ad52df70fae1f6863d1a4,2016-06-06T14:27:37-07:00,1465248457
0b65a8d,0b65a8dbdb38962e700ee16776a3042beb489060,2016-06-06T14:29:32-07:00,1465248572
71abeb7,71abeb753fa835642acb952316266dde21d7cec6,2016-06-06T15:06:44-07:00,1465250804
bd8f005,bd8f0055836e7f9c5010d5ed81d3b20a835e44c8,2016-06-06T19:22:00-07:00,1465266120
b8ba412,b8ba412bf7c38ac86dbaebdf939b0039bacf434c,2016-06-07T17:47:34-07:00,1465346854
ae9f631,ae9f6311e9c15d7968c2d03eab6e929e9c9d5f42,2016-06-08T12:04:55-07:00,1465412695
f0bca72,f0bca72dc77f62d61fc355bd6fe6e32b194950b8,2016-06-08T16:02:40-07:00,1465426960
2a0e6cd,2a0e6cdedab306eccbd297c051035c13d0266343,2016-06-09T12:21:52-07:00,1465500112
6f8d9bc,6f8d9bccb2c3694c62d14225976689c1e8c50fa5,2016-06-09T15:27:26-07:00,1465511246
b333d0d,b333d0d6f450d4f9c4535fd9fd6e0f4ef367507c,2016-06-10T10:54:27-07:00,1465581267
634d234,634d2344e608c218e8163fe0b14e50ec1a62066a,2016-06-10T11:55:00-07:00,1465584900
5580b27,5580b271af518bae30148edfd42cc8459d8da384,2016-06-10T13:45:23-07:00,1465591523
3a39f61,3a39f61e0468d7aea1a6f57ddbdcc74aaafa8410,2016-06-10T14:53:39-07:00,1465595619
a28705d,a28705da929ad746abcb34270947f738549d3246,2016-06-10T15:30:19-07:00,1465597819
25c7aeb,25c7aeb1adee0a62bc53c2f3bf8d051f035f1922,2016-06-12T18:00:57-07:00,1465779657
efe4728,efe472813d60befd72d6e2797934c90b22a26c93,2016-06-13T11:23:26+02:00,1465809806
fa96ea1,fa96ea1b883bf83fc488f999c58396bbab1860c1,2016-06-13T11:23:49+02:00,1465809829
cf59644,cf596442c6a18268f3f0d95cf7615a613102746f,2016-06-13T11:23:49+02:00,1465809829
12fd349,12fd3496d19c33c6401c5fdc7558944d46124a0f,2016-06-13T11:23:49+02:00,1465809829
3a8af7b,3a8af7be8f977cbf393dc77884a9ee6dfd611d95,2016-06-13T11:23:49+02:00,1465809829
7156451,71564516deccafba0a58129bd7d3851e28fdb4bb,2016-06-13T11:23:49+02:00,1465809829
8a679de,8a679de6f1a4bd077f828273f75eea46947b5b73,2016-06-13T11:23:50+02:00,1465809830
8169d0d,8169d0d06ad721aa54d95f044f4b097d79151ea2,2016-06-13T11:23:50+02:00,1465809830
6e30b2f,6e30b2f652d0a6748e2041dee5b5612cafca29b2,2016-06-13T11:23:50+02:00,1465809830
1354c9b,1354c9b2ded11a2bc24e04b98268a5969b44c666,2016-06-13T11:35:32+02:00,1465810532
64093fc,64093fc06a871f71316211a2aea6bb46c49b20ab,2016-06-13T10:33:33-07:00,1465839213
2721ce2,2721ce21e439ee0726dc69073acd7e0d2b2407b3,2016-06-13T10:37:51-07:00,1465839471
44f243d,44f243d356a6402878b2b3e098fd8cfa4fe1aaf5,2016-06-13T11:50:44-07:00,1465843844
346ef53,346ef53058ef25f5a7273ee77c03ebc5f732ad77,2016-06-13T11:53:14-07:00,1465843994
b5f62eb,b5f62ebea55a07dbd9f68f33f5efbd0437946220,2016-06-13T14:38:16-07:00,1465853896
9318c5d,9318c5dd140b55c0384843c57b4b24a378cd5068,2016-06-13T14:38:16-07:00,1465853896
e8e44de,e8e44de7874f6ea7cdf35b526f790cc7fa8f34e6,2016-06-13T14:38:16-07:00,1465853896
ef635b9,ef635b9056e23c06b4b5bcb4de294c1f6d9dda24,2016-06-13T14:38:16-07:00,1465853896
873700c,873700c92e01dbd5ccbe5d36878bb96d1bef3c36,2016-06-13T14:38:16-07:00,1465853896
7fcbd37,7fcbd37f9c1b7413b408d0223344d070613777ac,2016-06-13T14:38:16-07:00,1465853896
45a3e52,45a3e52641fd58c2ebaba2fd2a03308fd6ab8a0a,2016-06-13T14:38:16-07:00,1465853896
79891cb,79891cb90a4e5b2680308ba2b757a218b9aaa14c,2016-06-13T14:38:16-07:00,1465853896
3d9ff4d,3d9ff4d736475bc74ed249c579b3ad7322e22b85,2016-06-13T14:38:16-07:00,1465853896
569e554,569e554be9cb88047d9f2752750e0c260241f446,2016-06-13T14:38:16-07:00,1465853896
6d43a0c,6d43a0cefd769c650bd114f41434ef5a7aa998e7,2016-06-13T14:38:16-07:00,1465853896
269a7a8,269a7a831636b7c7a453f6621fc8b440ff28a408,2016-06-13T14:38:16-07:00,1465853896
cdc3727,cdc37277f904ff5c832f04db9e799bccd9672ea5,2016-06-13T14:38:16-07:00,1465853896
2997178,2997178ee63c76a4c449f35f299e20b32956795a,2016-06-13T14:38:16-07:00,1465853896
079aa97,079aa97e24daff1329f041e00ba621b0afd59163,2016-06-13T14:38:16-07:00,1465853896
cccf74e,cccf74e2da85808478c784e403a69bbfe2b9f518,2016-06-13T14:38:16-07:00,1465853896
ed008d7,ed008d7bb957ccfbe32c95aad74ee78e0e31de16,2016-06-14T10:57:21-07:00,1465927041
d993ce1,d993ce1ed2f025708b0f78bed241466e35f1e8a0,2016-06-14T12:12:15-07:00,1465931535
e1d0970,e1d09701a4fa3a4d15dd005e2b698934e4ae9ae0,2016-06-14T12:13:07-07:00,1465931587
31da121,31da121f2d316575ec3c82dfc0c7442cdb7a7740,2016-06-14T13:38:14-07:00,1465936694
905f27b,905f27b86ac1f50c6870a064c3b5b9d82c97a145,2016-06-14T13:57:42-07:00,1465937862
e26a8c4,e26a8c4721ceaf4c59e33bbd4e60f777b7ea9b62,2016-06-14T13:57:45-07:00,1465937865
19a7f24,19a7f24b6f8aa89ea5899c928c2fa350f4b1521e,2016-06-15T13:21:11-07:00,1466022071
fcf0fe9,fcf0fe9e698b7ec3de4e8565030886fc4e4a2757,2016-06-16T11:40:31-07:00,1466102431
066790d,066790d7cb0fa22e64f1276d8a0e33d18484f62a,2016-06-16T11:43:37-07:00,1466102617
9b35cad,9b35cadc2c7660745264041317f5982e1dde3f88,2016-06-17T11:04:38-07:00,1466186678
cc6ee97,cc6ee97cb30828a9185139f91c4de3439f381c1e,2016-06-17T12:10:48-07:00,1466190648
4322353,4322353bfb53a83e6657af50603d3521ee9d7d0c,2016-06-17T17:03:56-07:00,1466208236
efee955,efee9553a4f97b2ecd8f49be19606dd4cf7d9c28,2016-06-17T17:03:57-07:00,1466208237
01247e0,01247e0299b34b9b46d96d5850a24583e39deabe,2016-06-19T14:07:04-07:00,1466370424
73bc4b4,73bc4b4928e0111aa97c9963535223abb6fb2545,2016-06-20T11:01:00-07:00,1466445660
6d41eb6,6d41eb685a709b405ba0119453aaad3ad3888b7c,2016-06-20T11:01:02-07:00,1466445662
0196c75,0196c75e14b52558bd071dc86ccf037cdcd60159,2016-06-20T11:01:02-07:00,1466445662
6d8c545,6d8c5454b6f29568cd4ed231160f82c9579fe1f2,2016-06-20T11:01:03-07:00,1466445663
ab7797d,ab7797dbe95fff38d9265869ea367020046db118,2016-06-20T11:06:49-07:00,1466446009
18a74a0,18a74a092bff41f1ffe10bd2463d3eed9a04435d,2016-06-20T11:35:28-07:00,1466447728
067622b,067622b0e8afde8b39884e221b7a56299036f6d9,2016-06-20T11:38:17-07:00,1466447897
4633a84,4633a846f5cf085bc11de702d0e78177aa44a907,2016-06-20T11:38:18-07:00,1466447898
2eed278,2eed2780f0e36e4a9038d65d9125cde5d5e1d2c6,2016-06-20T11:38:19-07:00,1466447899
ffeef64,ffeef642310f00bc43341bcb9eeadf06e0fd5904,2016-06-20T11:38:19-07:00,1466447899
a873924,a873924483ec6ec548e94d723fe62875b1a4ec93,2016-06-20T11:38:19-07:00,1466447899
3bc581b,3bc581b9406e1e9a3f879d379106ee1e3bc48f5c,2016-06-20T11:38:20-07:00,1466447900
d24b21e,d24b21e9fcaa9ed4b7966275a8d82406f578577d,2016-06-20T11:38:20-07:00,1466447900
0fe5043,0fe5043dad74352c08447eb1913df0b6c3f2731c,2016-06-20T11:38:21-07:00,1466447901
2880d16,2880d16f09635f9d43247b27fd7e6508b992e599,2016-06-20T11:38:21-07:00,1466447901
c5119dc,c5119dcf493a7b13b6a3e586e8d771a9e1d4975e,2016-06-20T11:49:00-07:00,1466448540
841caad,841caad903f2b160e9f5ff05f961d20ad9085ddc,2016-06-20T11:49:00-07:00,1466448540
0767172,0767172b9068b225c06fd7ce66422e5936ec60a2,2016-06-20T12:12:12-07:00,1466449932
fdba2cd,fdba2cdec47b1760422107c671feef1d2a57b8af,2016-06-20T15:08:07-07:00,1466460487
bab7483,bab748371a104c58058c0eff9f4073b710ce0355,2016-06-20T15:08:07-07:00,1466460487
e3efa94,e3efa94be985c398b2118c3c7f7f9bfe3d056687,2016-06-21T11:18:17-07:00,1466533097
d2addc3,d2addc3b96886bb4dee71ef36684c8010bc37d16,2016-06-21T11:41:31-07:00,1466534491
5819c2e,5819c2eeffee489142d62607a5cb19c65167b9e6,2016-06-21T12:08:38-07:00,1466536118
09667d0,09667d013c91124ac0ff870322e184f0de53744f,2016-06-22T09:45:15-07:00,1466613915
f793582,f79358279c4b447b1318a922e15705d2a00fc5a2,2016-06-22T12:37:33-07:00,1466624253
4e1b06d,4e1b06da252a7609f0c6641750e6acbec451e698,2016-06-22T13:24:17-07:00,1466627057
412b9a1,412b9a16a007df93adcc88c0963a31399013ea37,2016-06-22T14:47:36-07:00,1466632056
6d523a3,6d523a3ab76cfa4ed9ae0ed9da7af43efcff3f07,2016-06-22T22:48:54+00:00,1466635734
d426430,d426430e6ec2a05bf0a4ee88c319dd6072908504,2016-06-22T16:13:23-07:00,1466637203
adb3356,adb3356664fbf15646fd90eb1d5ddd9e66ce913f,2016-06-23T11:32:51-07:00,1466706771
ae989a6,ae989a61dad98debe9899823ca987305f8e8020d,2016-06-23T11:32:51-07:00,1466706771
9dc3515,9dc3515cf005639317fb95492b3157aadf056923,2016-06-23T11:32:51-07:00,1466706771
fce04c3,fce04c3ca695d32c1b3c59e1bfc1fb4019025c72,2016-06-24T13:01:13-07:00,1466798473
6ea5770,6ea57703f660afd00159b67bf8749d90881df3b4,2016-06-24T13:50:45-07:00,1466801445
4d7b0ef,4d7b0efc5e2eea1923803dd9c5d5d1288c99cd00,2016-06-24T13:56:50-07:00,1466801810
11f4eb1,11f4eb19843c28b1c50d3c1bef1183e6313b87b8,2016-06-24T15:15:55-07:00,1466806555
c149693,c1496934cfd6603ac3fbf74cc3a16fcd584d5484,2016-06-24T15:20:47-07:00,1466806847
82f6178,82f6178af6d8a54718c7f45977622f96af9e6f95,2016-06-27T06:11:57-07:00,1467033117
60452a3,60452a30f5971c54ecdcd1bd389c1cabbbc844f5,2016-06-27T07:31:35-07:00,1467037895
5c1ebcc,5c1ebcca4d1df3b2a84d01b3f32ec13bf8f760f8,2016-06-27T07:31:35-07:00,1467037895
5f4e3bf,5f4e3bf536621675efd51020eb2950986b882e18,2016-06-27T08:28:47-07:00,1467041327
c2691e2,c2691e2add93453cfbcfe11ffcf2880d107d67f8,2016-06-27T08:29:36-07:00,1467041376
ef1cf01,ef1cf0167a362cd504afdcc0eef4c3200ea6dfbb,2016-06-27T08:34:15-07:00,1467041655
df5a925,df5a925523e627cd20ce11f570d418dfae2ac7d8,2016-06-27T09:56:24-07:00,1467046584
fda65fa,fda65fadb6e98b5b8ea8058bbeaa29d983f335cb,2016-06-27T09:56:24-07:00,1467046584
269085e,269085e16e26d5096b5458ae89d63eb27de26eb7,2016-06-27T09:56:48-07:00,1467046608
deee904,deee904aacccfcba5e38f9803799cd2e3a7d62ce,2016-06-27T09:56:54-07:00,1467046614
2ff7dff,2ff7dff01e620dc87144e076d5bb7e866377df6a,2016-06-27T09:59:51-07:00,1467046791
cf4c2cf,cf4c2cfe52be5bd973a4838f73a35d3959ce2f43,2016-06-27T10:07:08-07:00,1467047228
a52397c,a52397cce6c1049c3c9507d734243ee125d11f0c,2016-06-27T10:58:02-07:00,1467050282
2cb040b,2cb040baa6fcb8a6314a54933cbcb4d3fcb60401,2016-06-27T10:58:02-07:00,1467050282
661c3e9,661c3e9bc064564a492281364413dc805eaddf95,2016-06-28T08:36:45-07:00,1467128205
3d0a833,3d0a83382f26c5385ffcfa3fb0d9b7d69d998647,2016-06-28T09:18:50-07:00,1467130730
5f35900,5f35900849eef5d8cde864fbd06f37c475c22c0a,2016-06-28T09:21:28-07:00,1467130888
924b7eb,924b7eb1c983c845203a5c2fd80fe499acff6e84,2016-06-28T09:25:06-07:00,1467131106
afc676f,afc676f2c9e20a5b38d61c7803468d33e2ff45f2,2016-06-28T11:26:47-07:00,1467138407
9b56149,9b561499963d3f8b9ad15f5eae667ec5558f5af1,2016-06-28T11:39:02-07:00,1467139142
b4da9d6,b4da9d62f91d66ab97815007105b42a2aa5846b5,2016-06-28T11:39:02-07:00,1467139142
4e8161a,4e8161a82e5449976392517968b2d1bb56109b29,2016-06-28T11:39:02-07:00,1467139142
09bdff2,09bdff29e1b73ce264c7ddc3e19e1269ee7c610e,2016-06-28T11:39:02-07:00,1467139142
33ba9c6,33ba9c648b6753a4184e53ffb89f0a924f9f7b7e,2016-06-29T09:51:00-07:00,1467219060
054a5ae,054a5aee6f3e8e90d96f7b3f76f5f55752561c59,2016-06-29T15:03:36-07:00,1467237816
3324dd8,3324dd8f267cb59cdd42ac33727b6844921d5017,2016-06-29T15:07:02-07:00,1467238022
e51217e,e51217e15c3eb89d18b313dad32db1787d4f2a44,2016-07-01T10:24:18-07:00,1467393858
5caeeb8,5caeeb83bcb88622db739fe27ee8bfc64e9cbf21,2016-07-01T10:26:28-07:00,1467393988
9d9babb,9d9babb84d45234132f3cb1f4527ce1106e3d2ec,2016-07-01T12:44:57-07:00,1467402297
18547aa,18547aacf5ced88bf83d85b03b2b7b3fc6aa3f6c,2016-07-01T12:44:57-07:00,1467402297
695f95b,695f95ba5dc4ab44f327574f85c3ebe7ebf449b1,2016-07-01T12:44:57-07:00,1467402297
5e5be9e,5e5be9e257239b3599701f05518ce9e45f565e9f,2016-07-01T13:09:37-07:00,1467403777
b8e47d1,b8e47d1acfa299299d1120241bdc6164867d1289,2016-07-01T13:27:41-07:00,1467404861
57f5d52,57f5d52a942e8bbfa82e2741faf050de0d6b3eb3,2016-07-01T15:09:10-07:00,1467410950
5ce5f5f,5ce5f5fa5ad3de3c36fdd00df2d5c045ad1d7f04,2016-07-01T15:09:10-07:00,1467410950
19e9542,19e9542fa29ec3027a5169ac5d1fc740405dc234,2016-07-03T06:04:47+00:00,1467525887
03c39b3,03c39b34589897824385c884cd9c5707ba93a238,2016-07-06T07:44:25-07:00,1467816265
08aade7,08aade7080ef7955eb356c6590187be3b55dcbcd,2016-07-06T08:11:47-07:00,1467817907
de61ceb,de61cebde72a15b85b6e6a06ef4c3614b6afdac8,2016-07-06T10:02:57-07:00,1467824577
023ff39,023ff39b2994804e4a7b2274b22336bdb37d4a54,2016-07-06T10:11:08-07:00,1467825068
a199a7c,a199a7c9d07fa883fa219775c0e6069aeb84cdf3,2016-07-06T10:57:01-07:00,1467827821
6bc91f2,6bc91f23a6e14d540ab6950b438d40cf678143f0,2016-07-06T11:48:25-07:00,1467830905
bc437d1,bc437d10202c015a5733f706dc44fa6bbf4d85b9,2016-07-06T11:48:25-07:00,1467830905
4df7c8a,4df7c8a0375803b952bad31ac29578cfd56a2ac1,2016-07-06T11:51:03-07:00,1467831063
6523728,6523728499e77afaed0008875b19b308682c3f88,2016-07-06T11:53:51-07:00,1467831231
1f5d429,1f5d429e4a15e909214785e30bb81168932fdc54,2016-07-06T13:06:39-07:00,1467835599
674d38f,674d38f55b6d6b9f1cea8821f09670e07c1c7961,2016-07-06T13:08:02-07:00,1467835682
7758b02,7758b02b44318cd637f0608d02562d7982bad42d,2016-07-06T13:38:06-07:00,1467837486
7a738b4,7a738b40f67fc44c2a2c1abcffe474241af3d30e,2016-07-06T13:38:11-07:00,1467837491
1e4bf90,1e4bf907890e094f1c1c8c5086387e7d5fdb0655,2016-07-06T13:38:11-07:00,1467837491
e25a4de,e25a4ded8a47333a4c71a224927d6df87d7c295e,2016-07-06T13:38:11-07:00,1467837491
979f030,979f030359f6830fbaebd0c76e9aad5f86993fef,2016-07-06T13:38:11-07:00,1467837491
1d77bed,1d77bed8b02d902f11310f578debe933b90791f6,2016-07-06T13:38:12-07:00,1467837492
5854b36,5854b36c4ad53b54954abf738514bf8ae8ad53cc,2016-07-06T13:38:14-07:00,1467837494
5c589a7,5c589a73de4394ad125a4effac227b3aec856fa1,2016-07-06T13:42:58-07:00,1467837778
3c8ede3,3c8ede3ff312134e84d1b23a309cd7d2a7c98e9c,2016-07-06T14:04:09-07:00,1467839049
c61b2af,c61b2af7bd2c7225bcf576a39c245cebf9397ead,2016-07-06T14:09:32-07:00,1467839372
e82675a,e82675a040d559c56be54255901138a979eeec21,2016-07-07T14:11:15-07:00,1467925875
deb9c15,deb9c1575c456b9d12ff05fdd2bec516dfb34ae4,2016-07-07T14:16:26-07:00,1467926186
cbcd2cb,cbcd2cbd5942cc890c1a1125593e1108c3e6a077,2016-07-07T15:40:59-07:00,1467931259
3d75bba,3d75bba28d8665ec43f1faffce38d5817c77ebe8,2016-07-08T09:47:28-07:00,1467996448
ee861e0,ee861e0f78367ff0e94feeb42f721ef83ceec251,2016-07-08T09:47:29-07:00,1467996449
e04d08a,e04d08a4b3373972717c805ae8e788219b873b2a,2016-07-08T09:47:29-07:00,1467996449
7eb6e10,7eb6e10c9d7f43913615667740d1b22055cfba1f,2016-07-08T09:47:29-07:00,1467996449
dabd35f,dabd35f4cdd8bcfa502d082da5a3e4b927a2b329,2016-07-08T10:11:27-07:00,1467997887
54307ea,54307ea7c3ced760ee375483a786ec7180798aed,2016-07-08T10:11:36-07:00,1467997896
715a51b,715a51bcaf4f8625e99a972326bfce3fdace3071,2016-07-08T14:39:48-07:00,1468013988
d604176,d604176d23a69c7f690f0379b82b789732a4278f,2016-07-08T15:28:16-07:00,1468016896
58142c0,58142c09a4fe825912e5a2ebfa1ba5f7f6d8beb5,2016-07-08T15:31:04-07:00,1468017064
6d30862,6d308627cae4d34c058591de73ce14a52b79cf4e,2016-07-08T15:31:04-07:00,1468017064
080739b,080739ba1db7897dde53427937acc011ea98a006,2016-07-08T15:31:04-07:00,1468017064
2af7da9,2af7da9f8fb68337030630d88c19db512189babc,2016-07-09T22:53:54+00:00,1468104834
d751dd1,d751dd11ae16fd4e2410d3a32c8e2d951fafc923,2016-07-11T09:51:45-07:00,1468255905
89b8710,89b8710fce0d1b3d99c0a1c218bacb82ff0811e4,2016-07-11T10:31:04-07:00,1468258264
bb2d8a8,bb2d8a817df91c68742e10ace2a791de176f7247,2016-07-11T10:31:04-07:00,1468258264
493ddea,493ddea54d32cea8e99029a21d16cfdd164d31fd,2016-07-11T10:31:07-07:00,1468258267
d0ccc82,d0ccc82ad8984ccac27cf39cfc1a00dc4fc78eca,2016-07-11T10:36:29-07:00,1468258589
52debb6,52debb683198c50354c46a7745d45252b0989c7e,2016-07-11T10:44:09-07:00,1468259049
5220b75,5220b7589b09d62e7166799baa98dcd6a1c02804,2016-07-11T10:44:13-07:00,1468259053
5c9159d,5c9159de87e41cf14ec5f2132afb5a06f35c26b3,2016-07-11T10:45:50-07:00,1468259150
b1ec08f,b1ec08fda8e0c3ed19b680404770ca4ec313ca8c,2016-07-11T10:46:39-07:00,1468259199
52fcec7,52fcec75ce3a010ef4b2bbd1161da5e5fe301ec7,2016-07-11T11:44:18-07:00,1468262658
044fb19,044fb190f75cdec35e56bde30ec214ab144311d9,2016-07-11T11:55:53-07:00,1468263353
503e224,503e22418082d1ec616ec98ab90c6a73cd3ef96f,2016-07-11T12:26:39-07:00,1468265199
bac233f,bac233f2c28428c3e2c5279910bc4c027cd0b540,2016-07-11T12:32:02-07:00,1468265522
211c61c,211c61c6cf56699fc7b520a0206d23f5e4a7261b,2016-07-12T10:14:29-07:00,1468343669
1335d76,1335d76e4569fa84e52dc24c88c04daeae6e160e,2016-07-12T13:06:43-07:00,1468354003
a903e23,a903e233f65a3e93cad74007cc0d5a178f712263,2016-07-12T15:08:26-07:00,1468361306
deb8e15,deb8e15a19790b2c526b599620407d2f5c1cefcb,2016-07-12T15:09:21-07:00,1468361361
fd2e7da,fd2e7dafdeef4e9ba3c023427deb4e21ba5b31a8,2016-07-12T15:11:01-07:00,1468361461
17966c0,17966c0a63d25b1cc2dd1e98d30873e643bd581f,2016-07-12T15:17:42-07:00,1468361862
94e9901,94e99012fc7a02c5504214294279fa49b4cc8ce3,2016-07-12T15:17:42-07:00,1468361862
7171a0b,7171a0b0cf5792fd549b601c84b274cd5e4155ed,2016-07-13T09:14:38-07:00,1468426478
fd3e674,fd3e67474c0b349049ccff5f72a50ef930a56013,2016-07-13T09:14:47-07:00,1468426487
ec9d224,ec9d224903053e045d99c36149703501098b021c,2016-07-13T09:15:29-07:00,1468426529
42bd668,42bd66816bd117ed5e6d15f38dbe9e655ebc76a5,2016-07-13T11:24:18-07:00,1468434258
79ed43c,79ed43c28f626a4e805f350a77c54968b59be6e9,2016-07-13T11:30:25-07:00,1468434625
882d49c,882d49ca5cb6a584a37ab0266b8720b5b0bf2101,2016-07-14T09:23:20-07:00,1468513400
75676c8,75676c8c8b6cbeec7ccb68d97c17db230d9f2659,2016-07-14T10:38:57-07:00,1468517937
16726cf,16726cfa0c3ad5d0d261bd7068014e659cb989da,2016-07-14T12:17:47-07:00,1468523867
77a9745,77a9745d19b2b308c1ce97d18053322d1471bc4c,2016-07-14T15:50:17-07:00,1468536617
c714e45,c714e45f87301562b940e3621431ed7f7fbd16e5,2016-07-14T15:50:40-07:00,1468536640
3ac8703,3ac870300a7bb430341388a8f2ec465328986617,2016-07-14T15:50:41-07:00,1468536641
6b9c38e,6b9c38e14cd3abf9b95cabe8b86954f0c4e94a38,2016-07-15T09:05:53-07:00,1468598753
e634160,e634160bf457f8b3a91125307681c9493f11afb2,2016-07-15T10:48:16-07:00,1468604896
2949358,29493589e97a2de0c4c1c314f61ccafaee3b5caf,2016-07-15T10:51:55-07:00,1468605115
ecba195,ecba19531ac68586b4e06f6cc40e92447091bc28,2016-07-18T11:06:51-07:00,1468865211
49c58d8,49c58d86ceb7816c5f0ca36e38e26cd6b8506d74,2016-07-18T11:09:52-07:00,1468865392
a9b02de,a9b02de8b79de44ee8f4a0506b65a62f38999bd8,2016-07-18T11:22:35-07:00,1468866155
993a21b,993a21b0a05bf2e2063c58e5722c29f5747e39d4,2016-07-18T11:35:00-07:00,1468866900
7b35efd,7b35efd734e501f9e4692768a8b6aea818c0c93e,2016-07-18T11:35:00-07:00,1468866900
1cd772c,1cd772cc4124e43b14231dcaeae8a5dddf4ffdb9,2016-07-18T11:35:00-07:00,1468866900
6d6a782,6d6a782fbf83927212f348f91823d886c5cd6d85,2016-07-18T13:45:33-07:00,1468874733
c66b470,c66b470082144471fc95e669eb398c8f320d67c4,2016-07-18T14:33:38-07:00,1468877618
90cf590,90cf590f53f2939a47ca7b397e270e8228699829,2016-07-18T15:15:59-07:00,1468880159
cec9264,cec9264f17f5cb4a1bc0f41d51c7f62c6bf4784e,2016-07-19T10:07:19+00:00,1468922839
9ec26e7,9ec26e797781239b36ebccb87c590e5778358007,2016-07-19T11:12:27-07:00,1468951947
8109984,8109984d619467ad26c6a76d59b0a5de8a86e6d6,2016-07-19T11:48:35-07:00,1468954115
508a285,508a285ceab4523412546a92cd9444f8e78065e1,2016-07-19T12:16:57-07:00,1468955817
dc21164,dc21164e66e39670931d3270f8db4c0ed0e0b816,2016-07-19T13:22:12-07:00,1468959732
e0e56cb,e0e56cbf7f6b249b17b924c92f19580b7348431b,2016-07-19T13:22:14-07:00,1468959734
7725beb,7725bebe21dfa4877dad74b1ac3d921f26f949cf,2016-07-19T13:22:15-07:00,1468959735
63641fb,63641fb07131bede8273c3b3057792c9dcf7356b,2016-07-19T13:22:15-07:00,1468959735
a63d31b,a63d31b4d3640960d9a71606eee80c32459f906e,2016-07-19T13:22:16-07:00,1468959736
df9da64,df9da64a7c2aee12fd967cb9ff1730312d4b271d,2016-07-19T13:22:18-07:00,1468959738
39cadee,39cadeec0db35a79a2713eceaf998f2745236f0c,2016-07-19T13:22:20-07:00,1468959740
f5236a7,f5236a776f31de2654bca9001aa74ef9fe0819d8,2016-07-19T13:22:21-07:00,1468959741
96e0801,96e08010ee5b9d1dbfbcc8561fa69f972a415a38,2016-07-19T13:22:22-07:00,1468959742
2b6456b,2b6456b8089e42232d80672525edbe411ba41549,2016-07-19T13:22:23-07:00,1468959743
08bb350,08bb3500a2a718c3c78b0547c68601cafa7a8fd9,2016-07-19T13:26:16-07:00,1468959976
da47098,da470981defcace6e909b74ebc4ab5a40a702728,2016-07-19T13:27:22-07:00,1468960042
3be89f9,3be89f9b86cb3891a7865ad004230a50977e3d8c,2016-07-20T12:10:51-07:00,1469041851
8355868,83558686ceaeb634b630d5177818d571cafafbf4,2016-07-20T12:11:11-07:00,1469041871
68f3c07,68f3c079fe87caab2e116fd9a48bbdedc54be026,2016-07-20T15:08:40-07:00,1469052520
c6eff44,c6eff44d0d6620e06e7b2ffb09e4c0dfe5c687a4,2016-07-20T15:15:16-07:00,1469052916
31471ba,31471ba21ee29886ab856981e52f723c913d7f40,2016-07-22T09:22:26-07:00,1469204546
accb613,accb613afd2298510f6fc02e0ed05ecb84f6a6ff,2016-07-22T10:59:03-07:00,1469210343
fab6027,fab60274800efba101b3f08a297639d14ecbf840,2016-07-22T12:28:24-07:00,1469215704
06dec43,06dec439a3d00fa0b3141a2d52b33d22b941976c,2016-07-22T12:31:24-07:00,1469215884
a91e692,a91e6925f66f6c08bc6e27aa1278c1df0dfffac8,2016-07-22T12:34:51-07:00,1469216091
280abfd,280abfd4f5055922e8abcbb988fa0a8df0eef128,2016-07-22T13:31:55-07:00,1469219515
c0071ae,c0071ae5dc1c610ab3791ece7ccf7d4772fde151,2016-07-22T20:38:11+00:00,1469219891
eb09121,eb09121b745e9aa5bbd3fa438f873c3511f48b33,2016-07-22T13:43:53-07:00,1469220233
d38c7b2,d38c7b2c2ce0116215eb05e11d442e9d03b887f4,2016-07-22T13:47:33-07:00,1469220453
8465541,8465541e8ce8eaf16e66ab847086779768c18f2d,2016-07-25T09:16:18-07:00,1469463378
a8a5d25,a8a5d2511871caec259036af95d7dd6287d12925,2016-07-25T10:42:34-07:00,1469468554
6b34ce9,6b34ce90a748ff6bd679c29bc3f37a75a1bd3441,2016-07-25T14:13:32-07:00,1469481212
702ebbf,702ebbf4e2937accbac8184f87932f961e626a63,2016-07-25T14:13:33-07:00,1469481213
3cc75c1,3cc75c10d781572a073d7dbff4e1695b93a89d48,2016-07-25T14:13:44-07:00,1469481224
7b01ab5,7b01ab562ae14f5e5aedf0c0e769c74925a19809,2016-07-25T14:13:46-07:00,1469481226
8c6d1f9,8c6d1f9807c67532e7fb545a944b064faff0f70b,2016-07-25T14:17:28-07:00,1469481448
d132b32,d132b32b4e3146e4aa5a719418f85d6db1134140,2016-07-25T15:21:32-07:00,1469485292
259f22a,259f22af90041f6e527971c2547d38832de93a85,2016-07-26T09:43:06-07:00,1469551386
377d7de,377d7ded18f24cf6e2b7d32cbe44a6ed7b6a5574,2016-07-26T09:55:18-07:00,1469552118
de8946d,de8946de1694a8cf311daab7b2c416d76cb04d23,2016-07-26T11:13:44-07:00,1469556824
6003303,6003303a1e5086a9f28f18469a8a72ad22f75c86,2016-07-26T11:13:44-07:00,1469556824
3f338f4,3f338f43b0eb8081660bbf694074a368cf07355e,2016-07-26T11:13:44-07:00,1469556824
def480f,def480fe99f142957338c4b01dc258a0070c8087,2016-07-26T13:44:55-07:00,1469565895
64ac39a,64ac39af7020f3a8bc52d51137804ce9f46baf66,2016-07-26T13:48:28-07:00,1469566108
406621f,406621f43dcb91e5c38f0e1c73eab9aa5cc44843,2016-07-26T13:52:14-07:00,1469566334
0f12c7d,0f12c7d4d175bb0566208213b1b340b6794f305c,2016-07-26T13:57:00-07:00,1469566620
5f072e0,5f072e0017aa30afc04b54501331fb7da4e8a0bb,2016-07-27T10:22:47-07:00,1469640167
442f6fd,442f6fd3d6272b1c7b92e0a24b4be1cf162b4d04,2016-07-27T14:15:51-07:00,1469654151
d7fd792,d7fd792e1b2cdf4c9584a224dead75ad716ae1d9,2016-07-27T19:10:24-07:00,1469671824
996ee6d,996ee6d27a6b084b9647f2f0ab59f7e03582716c,2016-07-28T09:09:18-07:00,1469722158
1b8132d,1b8132d99d80ca98218c2685bbe5ba016a0a42f8,2016-07-28T09:11:09-07:00,1469722269
d0b6966,d0b6966e3dc0a1aca8b7aa89dd0f95cda50d21f2,2016-07-28T10:34:41-07:00,1469727281
2c608e0,2c608e0f7c1f0fb9fb3e42eb737d7b8543e11400,2016-07-28T10:34:42-07:00,1469727282
b830783,b8307836d2ce84fb4201a20955c78a3f472bb9fa,2016-07-28T10:34:45-07:00,1469727285
053e2fb,053e2fb5798374d1628b8cd4d797a64e48c944b6,2016-07-28T11:25:49-07:00,1469730349
8a81d5f,8a81d5f5f81c8e42927b4361bc93ddfc345393b7,2016-07-28T11:25:59-07:00,1469730359
e5a730a,e5a730a1c31cf308d9e09e3ecfbfaf3ca860ebd1,2016-07-28T11:26:00-07:00,1469730360
c81d283,c81d2836753a268be07346d362ffab3c6a5e14a9,2016-07-28T11:26:01-07:00,1469730361
8e4571e,8e4571e57a1a3cc6f1318b3da8612b2e3c8e1252,2016-07-28T11:26:02-07:00,1469730362
08df31e,08df31eeccfe1576971ea4ba42570a424c3cfc41,2016-07-28T11:28:32-07:00,1469730512
55cbe18,55cbe18e1146320674968820150126ee34e5d332,2016-07-28T13:05:36-07:00,1469736336
0f3d855,0f3d855efc2f8104bb3e168dd3f74bc84e0d2d45,2016-07-28T13:13:53-07:00,1469736833
32b8c58,32b8c581ecf35e73bebe2c6e9f6de617807b7f91,2016-07-28T14:01:55-07:00,1469739715
f8f7adc,f8f7adce9fc50a11a764d57815602dcb818d1816,2016-07-28T14:21:18-07:00,1469740878
77023ea,77023ea3c3951be97286bc241ae88bc6c860e2b7,2016-07-29T11:05:06-07:00,1469815506
3157c88,3157c880f6afab26af4f3e4eaceee68fc1b482a8,2016-07-29T11:05:06-07:00,1469815506
002f206,002f206faf09d39abee80f916cabaf3ab342b74f,2016-07-29T11:05:07-07:00,1469815507
56dfeb6,56dfeb62638760fa78a442a97f19abf1af374d29,2016-07-29T11:05:08-07:00,1469815508
683f17e,683f17ec440afafd2b375fd1b7a80a1aca219b4f,2016-07-29T13:23:03-07:00,1469823783
3e8e32c,3e8e32c32ef8e49bcfd715837d51aca30925fdfe,2016-07-29T14:10:01-07:00,1469826601
1e461c4,1e461c4f1fc43a00c7f576a111b4f002ba2d2557,2016-07-29T15:47:06-07:00,1469832426
6999bc7,6999bc7074c2a8d7605c3ad24bd4e5371a6df71c,2016-08-01T11:45:30-07:00,1470077130
77947bb,77947bbe24e0306d1ce5605c962c4a25f5aca22f,2016-08-01T12:55:40-07:00,1470081340
02962d3,02962d36845b89145cd69f8bc65e015d78ae3434,2016-08-01T13:42:10-07:00,1470084130
50492f7,50492f7b38f84619cbfb443efc3c0c78fc0304dd,2016-08-01T14:01:03-07:00,1470085263
b5944f3,b5944f3476dbaee15649b0fa02b2b35aaa149dc3,2016-08-01T14:42:07-07:00,1470087727
4d9c7e6,4d9c7e6f45523ce1bf9615689e6c4e13fd82ed5d,2016-08-01T14:49:41-07:00,1470088181
aa59e14,aa59e14b23b3c075e7f50eae73d9c6812ed96959,2016-08-03T08:52:46-07:00,1470239566
04e0869,04e0869876f726d5af9ac901911781d440e6aed2,2016-08-03T09:46:11-07:00,1470242771
52db4b0,52db4b0467f157230d2746f10435d070ad859bae,2016-08-03T10:10:35-07:00,1470244235
6395499,6395499a68d28f7211e9b4f6d9b2482c7b1681d6,2016-08-03T15:10:23-07:00,1470262223
4067a45,4067a45438282fe967779fcbc5c3513d2cbb5913,2016-08-03T15:10:24-07:00,1470262224
cf27c79,cf27c7996e986395a05c0056684923195295fd14,2016-08-03T15:10:24-07:00,1470262224
67b3a5d,67b3a5d4c084c3f579205a07b65169e742d39c02,2016-08-03T15:10:27-07:00,1470262227
a58a8e3,a58a8e3f7156dadd5d5e9643168545ff057c111a,2016-08-03T15:10:28-07:00,1470262228
80460f5,80460f513ebd7851953f5402dd9744236128b240,2016-08-03T15:13:16-07:00,1470262396
4d7bc52,4d7bc52b178bffe9e484c4dcd92d5353e2ce716f,2016-08-03T16:13:22-07:00,1470266002
6b7728d,6b7728db811142a8dba5d330da70d7c4b43d9acd,2016-08-04T09:51:42-07:00,1470329502
9eed4f3,9eed4f3711a605ab2d9b986357879a09a6d54f36,2016-08-04T10:18:36-07:00,1470331116
1e70105,1e70105954fd85fcb198a4b5b95378ecc3e6beef,2016-08-04T10:42:05-07:00,1470332525
c81539b,c81539b5f6f608ec48358ca6a35f7323e96432e1,2016-08-04T13:33:27-07:00,1470342807
c0222e7,c0222e762ef57c59fa793862618cfcdfef1cf3f8,2016-08-04T13:33:27-07:00,1470342807
995bc22,995bc22d7f8c611e342095a211065f8585a08e65,2016-08-04T13:51:02-07:00,1470343862
c6b0597,c6b0597e9ac7277e148e2fd4d7615ac6e0bfb661,2016-08-04T14:40:34-07:00,1470346834
46ac74b,46ac74b71681f1d2ff29615236193e651dcdd9fe,2016-08-05T09:28:16-07:00,1470414496
6f25305,6f25305799f0bbddbac1d678293e8c5cf404deb3,2016-08-05T09:28:17-07:00,1470414497
bc57b9c,bc57b9c0cc5a123365a922fa1831177e3fd607ed,2016-08-05T15:09:25-07:00,1470434965
542aa25,542aa25d9748c381a27074fb08614d4cb4713984,2016-08-05T15:10:05-07:00,1470435005
af4941d,af4941d444f8bbbc02f68472f4cd6d5846ee043c,2016-08-05T15:10:35-07:00,1470435035
02a8cfa,02a8cfa478bcc5da72be549a2fbcae2f37bac1cd,2016-08-05T15:11:06-07:00,1470435066
c6c9e18,c6c9e1885c9025f2e4074105e4fbe9b008e5d1a3,2016-08-05T15:37:47-07:00,1470436667
957a0fe,957a0fe2e59343f10f10620fab787f7e5abf3ab8,2016-08-05T15:45:47-07:00,1470437147
be7e795,be7e795efe35d3e50199af5452b218e5121b1713,2016-08-05T15:46:08-07:00,1470437168
c4f596b,c4f596b98ed305ceb594857fa34524fedc30a031,2016-08-05T15:46:42-07:00,1470437202
560b0e8,560b0e8f52a734434fecb65647d790913740617f,2016-08-06T10:31:51-07:00,1470504711
1eb47f1,1eb47f167d65d1d305b9c196a1bb40eb96117cb1,2016-08-06T10:33:57-07:00,1470504837
743fba8,743fba85f7dfb04eff4df55dc8d7aa08f3f8eaa3,2016-08-08T14:21:35-07:00,1470691295
a220e2b,a220e2bbbfb325fee6c1ffb1dcdf415bfcd59ae5,2016-08-08T14:21:38-07:00,1470691298
ee7fd70,ee7fd70edfc51ec88865c573ff950b4dfbef1833,2016-08-08T14:21:41-07:00,1470691301
6a024a2,6a024a249fe4bc7ac9de4d8ffd5dfed0cf986fd7,2016-08-08T14:21:46-07:00,1470691306
00f27fe,00f27feb6afaa9e5f91a0852a5a20c041ba0a421,2016-08-08T14:22:36-07:00,1470691356
6b9114c,6b9114c649495bce5f9f88a519672c9d56ee6d81,2016-08-08T14:48:38-07:00,1470692918
7647537,7647537e3e8f263306e22cb22b4f4f7b09589b19,2016-08-08T14:48:39-07:00,1470692919
dc7e09a,dc7e09a3e0b1a06348a0b59da71ceefe08489e77,2016-08-08T14:48:44-07:00,1470692924
a0a1831,a0a1831b034af10e5d5b37b99489a7558f9cc547,2016-08-08T14:52:17-07:00,1470693137
b3cbdd4,b3cbdd41cd5fbf9a33027f9dfe199fc77158dc93,2016-08-08T15:17:24-07:00,1470694644
af920e3,af920e369778a4cc42519ef523131d29451bf79b,2016-08-09T10:20:06-07:00,1470763206
2703c22,2703c22fc290993ade5135f85f0963776398a4df,2016-08-09T11:30:23-07:00,1470767423
5a36d00,5a36d00cf2e06e6cc19cb285393c63260913263f,2016-08-09T12:44:59-07:00,1470771899
ac76fd5,ac76fd54a81de658c0e0a14d0fe5826284efdf4a,2016-08-09T12:51:50-07:00,1470772310
2201ee0,2201ee09b542693f3c0c00df9482c098474cb1fe,2016-08-09T14:54:16-07:00,1470779656
b36045c,b36045c1dc43e36f6fb84b041b59317b7f02b58c,2016-08-10T09:27:26-07:00,1470846446
599e7a0,599e7a0b9e86dab9e6b2c7a136fe04b6b52a923a,2016-08-10T10:50:18-07:00,1470851418
954176c,954176c1288d70818fb03c6e04a8cbfb0db4e704,2016-08-10T10:55:13-07:00,1470851713
967d7f8,967d7f898c30bad41824c3f77962266b7cd7be32,2016-08-10T11:27:22-07:00,1470853642
dbc5276,dbc5276fedbe5ac86951a054e6e8ae610f073d9d,2016-08-10T11:55:23-07:00,1470855323
8e4b75a,8e4b75a97beaf88aa83ab2b18c07bd8ae4954f28,2016-08-10T11:56:56-07:00,1470855416
7a3ea66,7a3ea666331cd6cf8d9a7a15aafc33459b8c571c,2016-08-10T12:33:20-07:00,1470857600
1a5f1a3,1a5f1a3f256a53014e5b832e1281d952ec5f9ef7,2016-08-10T12:33:20-07:00,1470857600
a42d7b6,a42d7b6a5b5addcce01f483547ad96825c7a96e0,2016-08-10T12:38:02-07:00,1470857882
ca79c98,ca79c985727653656443da8d92c9f5c2b4da93ed,2016-08-11T10:43:24-07:00,1470937404
c9af708,c9af708b1a5a92cbde2a0c9a75b13530f792ac84,2016-08-11T10:44:23-07:00,1470937463
1ecdecc,1ecdecce621009a4d039d061d514056501d0ed8f,2016-08-11T11:14:43-07:00,1470939283
24959ba,24959bad5dba353497323f10b3bf39f243c0f174,2016-08-11T11:15:22-07:00,1470939322
b249e39,b249e39f9934e020e1cf5e483c3f6f84d3638b31,2016-08-11T11:16:13-07:00,1470939373
07e7dbf,07e7dbf0db05a550a92a6a5a8977ac47efa7b794,2016-08-11T11:53:19-07:00,1470941599
f95fdc2,f95fdc256b4732e6363823daa707ea6058e6db8e,2016-08-11T12:41:47-07:00,1470944507
f36538d,f36538d88b12595d527c60ae1b882c89bb5d1b2a,2016-08-11T12:41:47-07:00,1470944507
dbf1b5f,dbf1b5fb6a86acafd8294e98b464e2aa370fdde0,2016-08-11T12:41:47-07:00,1470944507
ccceb7b,ccceb7bb13a37b1834bc1c455e40abc710997dd3,2016-08-11T12:41:47-07:00,1470944507
2e3a16b,2e3a16b279a9df2e498187871c67e623e12bc8a4,2016-08-11T14:35:42-07:00,1470951342
b3dfeeb,b3dfeebb92630c54db1e4f03dbcff0e05208c4c1,2016-08-11T14:39:16-07:00,1470951556
e0c1cea,e0c1ceafc5bece92d35773a75fff59497e1d9bd5,2016-08-12T09:17:51-07:00,1471018671
18f3ce8,18f3ce8841b1cf7a3bee8e8da75fd7520060a4c0,2016-08-12T09:47:36-07:00,1471020456
8a5ad2b,8a5ad2ba5bacd84c10ec62b0cf5a67d0f147746e,2016-08-12T09:47:36-07:00,1471020456
57734b4,57734b4e88c4d61329c74f5f4fb042f7de622966,2016-08-12T09:47:37-07:00,1471020457
f989ac2,f989ac276d310564364482979a78b83d113c4044,2017-03-16T13:56:43-07:00,1489697803
7c9c2f8,7c9c2f8c394a4c1f4e09d6d5542c4e7965cc9240,2017-03-16T14:01:20-07:00,1489698080
32c43f5,32c43f595f93cdd4ed5305aef97a3f6aaa74ed72,2017-03-16T14:03:11-07:00,1489698191
202275b,202275b96b6c3ffc2c380cfb017e4f6a0dd6bddb,2017-03-16T14:07:16-07:00,1489698436
6e3c159,6e3c1595c66e2b192a2a516447c5645814766339,2017-03-16T14:07:16-07:00,1489698436
d6b1230,d6b12300676c85175bb05088c79e4b975aed820c,2017-03-16T14:07:16-07:00,1489698436
6d14eac,6d14eac3ec3e935ada977dfbdf4c61a0a3222010,2017-03-16T14:07:16-07:00,1489698436
1fc458d,1fc458d958be0e8347d7704933ae647afeabcd91,2017-03-16T14:07:16-07:00,1489698436
2580491,25804914fa3661549cb4017fd0d127b9b626fc69,2017-03-16T14:07:16-07:00,1489698436
c0c2006,c0c20060af3dfc55258e0b9168e0d9c564b5bdfd,2017-03-16T15:16:45-07:00,1489702605
9942921,994292130121175dcb53f72541b7445e4b054d75,2017-03-17T10:31:48-07:00,1489771908
d4aae45,d4aae459cd217c9201e03b270112f5b3ead1f867,2017-03-17T10:32:45-07:00,1489771965
e6b07da,e6b07da2780f349c29809bd75d3eca6ad3c35d19,2017-03-17T10:40:25-07:00,1489772425
ee92ab9,ee92ab992fada00ca945bddce5c281ca0927747c,2017-03-17T11:06:09-07:00,1489773969
612c49e,612c49e94d5c761bd9fc4752283b82786c23856a,2017-03-17T11:19:57-07:00,1489774797
b58a68c,b58a68c1c1874ff155699d82947c9f026f431cb3,2017-03-17T11:54:50-07:00,1489776890
e4770f6,e4770f67d16c1970fa175bddfd4ca40258e57f22,2017-03-17T11:54:50-07:00,1489776890
b2dfeb7,b2dfeb7c005b83145e9f61305658f5dac745482a,2017-03-17T11:54:50-07:00,1489776890
379642b,379642bcd8d89db52feba88a651e4e56d6ac5767,2017-03-17T12:18:41-07:00,1489778321
0bb80ab,0bb80ab090fadc99d3d19d23209ddfb7e4f54b3d,2017-03-17T13:50:24-07:00,1489783824
0a4ae91,0a4ae91d1cf72b1185a46e5f072ac6b25b92350b,2017-03-17T13:50:24-07:00,1489783824
e1fae93,e1fae930193b3e8ff02cee936605625f63e1d1e4,2017-03-17T13:50:25-07:00,1489783825
3edcc04,3edcc048621fee389be6991c90b6a7dd0386c57e,2017-03-17T13:50:25-07:00,1489783825
60cf6cd,60cf6cd71af2c3a530ac9fad57579a7b10e862ee,2017-03-17T13:50:25-07:00,1489783825
81944e9,81944e9b54039f8475d1df5c40e5a1055eae14f6,2017-03-17T13:50:27-07:00,1489783827
a0393a2,a0393a298fecff8cdc17aba51245f29433520d81,2017-03-17T13:50:28-07:00,1489783828
9d77b04,9d77b0405ce6b471cb5ce3a904368fc25e55643d,2017-03-17T13:51:58-07:00,1489783918
a086f92,a086f921a725319a6f0c2c3aacf676c890b3ce3e,2017-03-18T09:51:23-07:00,1489855883
3e7eaed,3e7eaed016e6241e96de6a0140923e81cfc387e8,2017-03-18T09:51:23-07:00,1489855883
1b614c0,1b614c07d2428927358cc7317622913d1dbd59c9,2017-03-18T09:51:23-07:00,1489855883
2225e1e,2225e1ea20481a7c0da526891470abf9ece623e7,2017-03-18T10:02:01-07:00,1489856521
e94eac4,e94eac49e6edb1ef37796e11bf52a7cb301645e8,2017-03-18T10:14:07-07:00,1489857247
ba6746c,ba6746c08fd6cff7da3e435a086515b8d80862c2,2017-03-18T10:15:03-07:00,1489857303
d41626f,d41626ff9ef54db6582c398b14209c556df4ddfc,2017-03-18T10:28:45-07:00,1489858125
7b91929,7b91929ba0422435c193c506dbaa593964be6e84,2017-03-18T10:29:15-07:00,1489858155
504c4d4,504c4d42db8f597b2d151b8b52321cd6130b5363,2017-03-18T10:32:22-07:00,1489858342
f53c5de,f53c5de29cec68e3294a008052251631eaffcf07,2017-03-18T12:22:33-07:00,1489864953
1f6b1af,1f6b1afea00cdbc99114b88768aa5e617ff479df,2017-03-20T13:17:08-07:00,1490041028
5980197,598019769cbaa38495b0c04297efa13d0f4a572e,2017-03-21T11:12:52-07:00,1490119972
116fb64,116fb64e439d3744d0f244a51d7a6d714b7703ae,2017-03-21T11:12:53-07:00,1490119973
3b754ee,3b754eedd58636926d07b14a34799a3aa7b8ebc2,2017-03-21T11:18:41-07:00,1490120321
17d6c74,17d6c744dc0d5ed4cd0f228da14239ea2654f05b,2017-03-21T11:19:52-07:00,1490120392
06c0ed7,06c0ed7bfb5f05fe787e77371ef4c74c4fc245b4,2017-03-21T15:03:24-07:00,1490133804
f63df94,f63df942a3f4245970192161dab259922819e3b5,2017-03-21T15:03:28-07:00,1490133808
8624735,8624735d9aca62ffaef84de3b2b8345b1771086a,2017-03-21T15:04:12-07:00,1490133852
e15b960,e15b9606557d590e1cdc1e3b1b9154cce455a4c8,2017-03-21T15:07:17-07:00,1490134037
45cbc37,45cbc37c5f84fadd78cccf6b2ea82a9ef251cdc6,2017-03-21T15:07:17-07:00,1490134037
afd6726,afd6726309f57f532b4b989a75c1392359c611cc,2017-03-21T15:11:38-07:00,1490134298
70471ed,70471ed9bb204b3a6bdbcc466393565c3ee25bb8,2017-03-22T10:13:17-07:00,1490202797
b0176ce,b0176ce6b5d954a747dc4d0c5a8593ed576714c4,2017-03-22T10:13:41-07:00,1490202821
cb7fb9e,cb7fb9ed4277f3e1e9203777d4de0805cf29f873,2017-03-22T11:25:49-07:00,1490207149
37e6115,37e61153e2a2633ef3c9cfbe988b9d80ac809ee7,2017-03-22T13:31:52-07:00,1490214712
16f9b4c,16f9b4cdd31de2b8185c5c717efa6d28c56b3c74,2017-03-22T13:41:41-07:00,1490215301
f75619b,f75619bd6d21760e1da416d4e27bce6468beffcd,2017-03-22T13:41:41-07:00,1490215301
0607e10,0607e10009ee4e37cb49b4cec8d28a9dda1656a4,2017-03-22T13:41:41-07:00,1490215301
e0e7f99,e0e7f99ea400808cd11af72425c721c8b44193ca,2017-03-22T14:55:56-07:00,1490219756
57f82f4,57f82f4f6037fd8243f44fd8b5f553e444d13f2c,2017-03-22T15:34:53-07:00,1490222093
a4dded0,a4dded0189191db1aa572bdc45419182db8ae652,2017-03-22T15:39:51-07:00,1490222391
511155d,511155db51ff9870d2b3fd74c6dfdd558b5fa37b,2017-03-22T15:41:21-07:00,1490222481
7ac04f1,7ac04f1398c4e854cb585bd289ee4fe921984bbd,2017-03-23T10:02:56-07:00,1490288576
4f4458a,4f4458aafa809e184358256e35fd90c227dba81d,2017-03-23T10:40:07-07:00,1490290807
227307a,227307a639c96b3579b7fe60840fdae123d1ee88,2017-03-23T11:18:23-07:00,1490293103
a42e1b4,a42e1b4194b02638ea4f590ac1e7d231274886d1,2017-03-23T11:19:23-07:00,1490293163
f364f02,f364f02724d6ce4c64fae85a86e0452b5634ddf8,2017-03-23T11:20:46-07:00,1490293246
e7e183d,e7e183d6ee07f9744f58f8e35fe336511df10563,2017-03-23T12:04:08-07:00,1490295848
41d2716,41d2716cdc9179c5faa39d3fc05edf1e8bfd42cf,2017-03-23T13:31:24-07:00,1490301084
99a64e4,99a64e4b73c38b5cb32dea5d4bd71c70079cae15,2017-03-23T20:56:49-07:00,1490327809
75ec4a6,75ec4a6cb0921688d01a7e7800a5dd5d9f1ad586,2017-03-24T10:15:49-07:00,1490375749
b42ca35,b42ca35e5c4f792810c08e95676ba63976f4cd02,2017-03-24T10:19:18-07:00,1490375958
940a911,940a911f8ec00e291a66c2d1ed05293a38ae6138,2017-03-24T10:38:43-07:00,1490377123
41b3eb4,41b3eb4a6bff4d38bb188d28544bf901080d9e96,2017-03-24T11:00:03-07:00,1490378403
df2a6e3,df2a6e38b7e192c32d1df4b10cc278c2a66fb6a0,2017-03-24T12:14:11-07:00,1490382851
1e0c3b6,1e0c3b680c6e7b37fc51bd69a410af01897a4f94,2017-03-24T12:15:26-07:00,1490382926
7505769,75057691beb804e804df21992ae55d50ffc36f92,2017-03-24T12:15:26-07:00,1490382926
9871824,98718242cfd18f106dfcd7663282fb9906fd38a5,2017-03-24T12:34:07-07:00,1490384047
2c5e286,2c5e2865cc3dfc053e71510415f479e165119d04,2017-03-24T12:34:07-07:00,1490384047
8f9aeb0,8f9aeb0d36c6cbfb849946bb272fa0d3c4611547,2017-03-24T12:59:15-07:00,1490385555
fa13fd1,fa13fd174f463663ffbc1feef857089fddb4b157,2017-03-24T13:07:38-07:00,1490386058
034667a,034667a458057ef1e571973a38ebbdf0045a63e9,2017-03-24T13:31:01-07:00,1490387461
7e71542,7e71542e8b79ddd5164bf3ac5f11cae3b7d006ab,2017-03-26T15:34:44-07:00,1490567684
4473060,4473060bc2a96a175015d2ffd856eb68c02a1126,2017-03-26T15:58:25-07:00,1490569105
48a9697,48a96972fd4421e1136b50d6650a2b9d45947754,2017-03-26T15:59:08-07:00,1490569148
a54e938,a54e938e5b53c76ebcd5c068a4f74739c1c68bac,2017-03-26T17:41:05-07:00,1490575265
cd02599,cd02599c480570484ec0a38a5bf66ac69ee3dd19,2017-03-26T22:08:21-07:00,1490591301
14bb40b,14bb40b3f0c646ca81609be1eb3039ede6ce5cc4,2017-03-26T22:08:21-07:00,1490591301
5c896f7,5c896f7c3ec69f017d1e1be4164d558918f3ae4c,2017-03-27T09:48:19-07:00,1490633299
1eab194,1eab194bf06786a987497d7bc8ffcf5c0dae0e36,2017-03-27T10:23:39-07:00,1490635419
0a3f07d,0a3f07d6c0ce8ee3fb315d582a0eaaba56fb7873,2017-03-27T10:23:39-07:00,1490635419
a5c1efd,a5c1efd693a09bd7d058e1370869e061f94b61ed,2017-03-27T10:23:39-07:00,1490635419
802de3d,802de3da0752f3c3aa40e8089f27797857009392,2017-03-27T10:23:39-07:00,1490635419
f57f37e,f57f37e2e1bf11ab4cdfd221ad47e961ba9353a0,2017-03-27T10:23:39-07:00,1490635419
24c8407,24c8407e0aab839a2de57573fd6dd6320f172af3,2017-03-27T10:23:39-07:00,1490635419
126c9e0,126c9e05765330d29c973934598876cdea50b5df,2017-03-27T10:23:39-07:00,1490635419
077be78,077be78d7ff0d44cab311da315b2f8dbd2a0d57b,2017-03-27T10:23:39-07:00,1490635419
bbbb7de,bbbb7de7ac69e66c9263bd0e220172fe717b3f54,2017-03-27T10:23:40-07:00,1490635420
5d0bc90,5d0bc90e5de37c708f0856aef2c7b353a9d5030b,2017-03-27T10:23:40-07:00,1490635420
09fb535,09fb53568e3e00e30891b118045aa07ede524103,2017-03-27T10:59:25-07:00,1490637565
7d5a38b,7d5a38b61fad51b765117ae6dae9117db74dac3d,2017-03-27T13:45:30-07:00,1490647530
b92ff6e,b92ff6e81429c6a2636b4d6d26ab9ce5d4890fe8,2017-03-27T13:55:13-07:00,1490648113
5a8e7c3,5a8e7c346672e399a6b6c0335a4435c7264a2a32,2017-03-27T21:21:25-07:00,1490674885
f2214de,f2214dede950e506d7637744599ef27b149bbda1,2017-03-28T09:57:14-07:00,1490720234
d2ee118,d2ee11859ce6c0edecb94a7e3e9600ab69823b06,2017-03-28T09:59:33-07:00,1490720373
d2b7d9c,d2b7d9c7edc549e7ec19f4a7681adc7bfbaa6b89,2017-03-28T09:59:34-07:00,1490720374
2eb80bc,2eb80bcdcc2d16ff1e73dc2f2171f7f1ef6e9f29,2017-03-28T09:59:34-07:00,1490720374
f9b1114,f9b11147e00f066d24d9eaf9783beaa173fdd5e0,2017-03-28T09:59:34-07:00,1490720374
ee3051b,ee3051bd2307cdc0145aa9ed9dcacb8acfc08c40,2017-03-28T09:59:34-07:00,1490720374
029aeee,029aeeed55f6bfe8014e8ffe5fc7a6f2e5b110fc,2017-03-28T12:24:48-07:00,1490729088
c772d1b,c772d1bcdc058d655e6cd3518440a721433cb511,2017-03-28T13:52:19-07:00,1490734339
252ef8f,252ef8fe9e9742c73339cd383c22e39387c6c94e,2017-03-28T13:52:21-07:00,1490734341
e25c122,e25c1229b2f7f12fd3284297a73bb889c8f35f63,2017-03-28T13:52:21-07:00,1490734341
41534b6,41534b626ebdf3fb4fb692749245b90ff2bb7e13,2017-03-28T13:52:22-07:00,1490734342
110bdbd,110bdbddc85350b0f6f5eec223e102ca4b56e24f,2017-03-28T13:52:24-07:00,1490734344
a9508a1,a9508a1345654e6af9505ee96eab745e7943772a,2017-03-28T13:52:25-07:00,1490734345
8f71209,8f71209d1e447daf9db643df7ad01a8b49b9bcb7,2017-03-28T13:52:25-07:00,1490734345
0041bf6,0041bf6544b9b46022b6362eae834a36505d7baa,2017-03-29T10:53:30-07:00,1490810010
6362ed0,6362ed0b29eb281cd44487684da2296a4f431946,2017-03-29T15:47:36-07:00,1490827656
c105f56,c105f563d1b8894af8a7bee68852e45831d55224,2017-03-30T10:33:31-07:00,1490895211
07af889,07af88913662f1179ba34b92370a6df24263ae5f,2017-03-30T14:59:50-07:00,1490911190
5d3206d,5d3206d5010423b3bbf479e32567d0fddc7095e0,2017-03-31T08:33:55-07:00,1490974435
8668976,8668976b53446847dfb363887738899a708f15a0,2017-03-31T13:20:48-07:00,1490991648
2a1bd45,2a1bd45b2e44a7ba23dfe67307e7755d0a22e5d6,2017-03-31T20:57:18-07:00,1491019038
60b091c,60b091c6796a73ff8e56a7211d88d6c605bf55b5,2017-04-01T11:35:45-07:00,1491071745
fd1062e,fd1062e52e1a7ed3be443a320708ed849958c1bf,2017-04-11T00:49:40-07:00,1491896980
845eec2,845eec2b64d6a064ee7b453a77a309a419806896,2017-04-12T23:24:36-07:00,1492064676
47242cd,47242cd1037483896bb2b042e6a02c66b65b07d6,2017-04-13T16:15:25-07:00,1492125325
37ee680,37ee680d9b90fe4c4fc5be4e14f17baf49f6ce59,2017-04-13T18:24:32-07:00,1492133072
9e7ec63,9e7ec634a130535982e9bc63d65c2fe8c076a662,2017-04-14T03:53:18-07:00,1492167198
18d0002,18d0002d6ddc191454b6b4a99cdac65fc7ff9ece,2017-04-14T03:53:25-07:00,1492167205
be4dbbb,be4dbbbed931a1683e351b872865ed8d90e9ac2b,2017-04-14T23:55:24-07:00,1492239324
d8245bb,d8245bb3fd4442dbc8da8d3b7167d48f83687992,2017-04-16T17:31:50-07:00,1492389110
5ce10c0,5ce10c0a29efeab21567228f8916190f2202fdb3,2017-04-16T18:04:06-07:00,1492391046
a560d87,a560d87033729d884acb3f198cc52edd6c816416,2017-04-16T18:24:29-07:00,1492392269
0fb3c4f,0fb3c4fc9a20cc3d7869d46bb8a774e4038fc62c,2017-04-16T21:19:09-07:00,1492402749
50c2d85,50c2d8555bbc5b29625452fbcc92d4e3395e7366,2017-04-16T21:32:46-07:00,1492403566
2e5d650,2e5d6503bdc92260eae9c58b9fd1add7014bb853,2017-04-17T19:04:16-07:00,1492481056
372b050,372b050b6bd4bd3256e6fa21ab0fef47dd768d98,2017-04-17T21:56:54-07:00,1492491414
e3a4344,e3a434468fecca7c14a6bef32050dfa60534fde6,2017-04-20T17:55:32-07:00,1492736132
16d2676,16d2676c9ee996208277772fdf81dda212355440,2017-04-20T21:04:34-07:00,1492747474
2d646e3,2d646e3e1fd0ae7f525034abee73d06ac8946729,2017-04-23T22:07:57-07:00,1493010477
e2cb6ab,e2cb6ab84c94f147f1259260961513b40c36108a,2017-04-23T22:34:04-07:00,1493012044
627fde1,627fde102515a7807dba89acaa88cb053b38a44a,2017-04-24T19:00:15-07:00,1493085615
1f9e18b,1f9e18b77282070e8fef6dbe6983a8c94a3b0efa,2017-04-24T21:16:44-07:00,1493093804
0d8a814,0d8a814d8ac6b18834def72912781ce6fe45fa89,2017-04-24T21:28:55-07:00,1493094535
17eff96,17eff96b83be5c4c25e33a40e632d1b55c506d33,2017-04-24T21:28:55-07:00,1493094535
fa099d2,fa099d23227f88b5a1cd79c646551130d9b36e6d,2017-04-24T21:28:55-07:00,1493094535
d026a25,d026a25657cbe15ceb6bcb5d5047a36a0a70b33e,2017-04-24T21:28:55-07:00,1493094535
c061a14,c061a149709195e0ec914a5d6ba173042e4197f9,2017-04-24T22:10:43-07:00,1493097043
3c78fd8,3c78fd808d8ed8848fe09735c7755ddd35cfe83f,2017-04-24T22:10:51-07:00,1493097051
4cdf3f9,4cdf3f9d84568da72f1dcade812de7a42ecb6d15,2017-04-24T22:10:51-07:00,1493097051
06478da,06478dab4c9fb57dc6b7299eafd18df1bea9ca22,2017-04-24T23:45:51-07:00,1493102751
64bd31b,64bd31b407953ed7309250dfa6b72079146f84cc,2017-04-25T15:09:06+07:00,1493107746
9402831,940283101ce87250cf31a592730386f5061e1286,2017-04-25T23:17:36-07:00,1493187456
46bdfa3,46bdfa3975665aaa9b7383466b529354d117e14d,2017-04-26T15:39:05+09:00,1493188745
864033a,864033a3833d6d0f90bf5a2bd1128b295c1041a7,2017-04-26T15:39:07+09:00,1493188747
6cbc478,6cbc478d83b5773d1925869e50bf6067306f4817,2017-04-26T15:39:07+09:00,1493188747
e311597,e31159746e30a24d7064bf30491ccd73444eb00a,2017-04-26T15:39:12+09:00,1493188752
027a3b9,027a3b943b444a3e3a76f9a89803fc10245b858f,2017-04-26T15:44:07+09:00,1493189047
40bcf31,40bcf3188a6f02acba94587593124ccca5a37e2b,2017-04-27T08:09:25+09:00,1493248165
4d9bc37,4d9bc37fbe9902fc033573cf7375b528fc6a434e,2017-04-27T09:41:19+09:00,1493253679
44dc738,44dc738a39f2c4dba41c0ddacae280d0f88dc71f,2017-04-26T17:48:50-07:00,1493254130
505ad91,505ad91304e1793ee588ccdcc2413c2e0af6f667,2017-04-26T18:19:09-07:00,1493255949
54fd324,54fd3243daec7d59394f25846450d83c0012e57c,2017-04-27T10:56:26+09:00,1493258186
28f4aee,28f4aee3fb1a45ebcda8ff84f94d6d2d0053f887,2017-04-27T13:07:40+09:00,1493266060
721f5f1,721f5f1e355648f6b15d79799a3fdc6b4a28352f,2017-04-27T14:40:18+09:00,1493271618
ebdfa29,ebdfa294c9e280ee14de27cf9d4ffb2cf82d2f36,2017-04-28T10:07:59+09:00,1493341679
93fdf30,93fdf301de0daa57fd6a694ad4637ec7a3a1041c,2017-04-28T11:50:52+09:00,1493347852
9f41c7a,9f41c7a6b3e3cc3ac4a739364400393fa2492880,2017-04-28T12:40:24+09:00,1493350824
61d4c30,61d4c309301e1434f95980aeb4e44f72e1f154c9,2017-04-30T18:58:32+02:00,1493571512
867e40f,867e40ff3a731d9cf4ab1900a83ca21a9c2c8fae,2017-05-01T08:46:50+09:00,1493596010
501d3cd,501d3cd7b8cf469e6a5aa86809fc25316695d344,2017-05-01T10:56:15+09:00,1493603775
5621760,5621760f59c0655e41045c3141deef9791858916,2017-05-01T11:01:52+09:00,1493604112
d395745,d395745d8108568934006c6411146bc93cc54737,2017-05-01T11:03:08+09:00,1493604188
7f1b225,7f1b225153c9e75b805a262feb6796e3bf23dc3d,2017-05-01T11:03:46+09:00,1493604226
78bde92,78bde923f16daccf590c78a619fbdbbe2a3d82ac,2017-05-01T11:08:02+09:00,1493604482
1524ccd,1524ccdc1873029e4eafa5bffae2aa66d02369d8,2017-05-01T11:09:46+09:00,1493604586
419fd78,419fd7866c7636e4f2e3606888273b38d8cdacd4,2017-05-01T12:17:10+09:00,1493608630
610b233,610b233704638372834777ebf6ed3ab8829ec259,2017-05-01T12:18:38+09:00,1493608718
a6bb78c,a6bb78c3b19697133a01122c13993986b66ef28b,2017-05-01T12:19:15+09:00,1493608755
d2bbb7c,d2bbb7c2bcf6e77ebfcabf4e12110fe6d5c91de6,2017-04-30T22:16:18-07:00,1493615778
9a26691,9a2669129c4425a82c02c0d40deb77abcfe54569,2017-05-01T21:20:50+00:00,1493673650
7c8d2b0,7c8d2b00f2516a0b30aaa3f59dceaf4fe83f8729,2017-05-02T10:45:04+09:00,1493689504
aacc5c1,aacc5c1a81c004efccff8075edb78acdf5f15264,2017-05-02T10:45:11+09:00,1493689511
e0a9280,e0a92804044a4025fc8abbfa1d92fd16f6f2e1f4,2017-05-02T10:46:41+09:00,1493689601
af6730e,af6730e7303d3025a8f50192e0f54acc74142484,2017-05-02T10:46:41+09:00,1493689601
4931b02,4931b02f4ab6cbffc39feca95a055ce1a92a20f9,2017-05-02T10:46:41+09:00,1493689601
d7e6b6a,d7e6b6a8dcc8a98a4dcf6bc291f1e68b1acaecae,2017-05-02T10:48:20+09:00,1493689700
db4eca1,db4eca1feaafa0669b7ba64c10314dfe8836576a,2017-05-02T11:02:37+09:00,1493690557
6a523d6,6a523d66813a3554ebd20df64daaf5c56be9c4bb,2017-05-02T22:21:09+02:00,1493756469
218c883,218c883783ee7c23a0955507f5b7ac4027428d63,2017-05-04T13:42:05+09:00,1493872925
016d66f,016d66f512bbbd7d766f6244d989b4549d5b0d5b,2017-05-04T14:50:44+09:00,1493877044
0e6d899,0e6d899feeda4ebe87ddd44cba7279f55c5177ab,2017-05-04T16:10:51+09:00,1493881851
4fa66c8,4fa66c85f11bc5a541462ca5ae3246aa0ce02e74,2017-05-04T16:27:19+09:00,1493882839
87cb799,87cb7997f79d4f7a2b87efab27e0715446e2811c,2017-05-05T09:32:08+08:00,1493947928
28e1aaa,28e1aaa48544dc2aa89997448b1262485dc7f1bf,2017-05-05T09:37:02+08:00,1493948222
4000b40,4000b4020911512eea10667dd5c97a0b4890e098,2017-05-05T12:43:16+09:00,1493955796
ac33201,ac33201285cce4b392c3cedfaf7f098fdb1dde87,2017-05-05T12:50:38+09:00,1493956238
70fcaef,70fcaef90bad282cf141a7c2e7ae87b13fe0700e,2017-05-05T12:56:19+09:00,1493956579
c8dd1e3,c8dd1e3bb1152844983558802a52c9e4c17652b4,2017-05-05T13:03:40+09:00,1493957020
cd08873,cd0887327544ecdc8778e16219aec3f43b0dd682,2017-05-05T13:08:54+09:00,1493957334
d61226c,d61226c1118f749280c050555d83560ca0f3bf71,2017-05-05T13:19:10+09:00,1493957950
840ed14,840ed141983718e0c5518a325534a5656797132a,2017-05-05T13:24:10+09:00,1493958250
773e3a2,773e3a2e0226cffac6c813c2d3bea5ba480675d8,2017-05-05T13:29:43+09:00,1493958583
95d6787,95d67879735cfecfdd85f89e59d993c5b4de8835,2017-05-05T13:33:22+09:00,1493958802
12cd0bf,12cd0bf9b0291bb9a688c197a413d19f3c54710e,2017-05-06T19:15:38+09:00,1494065738
6f52b74,6f52b741a7e58dbabee196c22acd012107488ccb,2017-05-06T19:15:38+09:00,1494065738
ae520e3,ae520e36758f45f1b9972f2b91db91a7f1c5559e,2017-05-06T19:15:38+09:00,1494065738
98f2a68,98f2a687b9a971fec86254537c37df00f18a6e80,2017-05-06T19:15:39+09:00,1494065739
9e58bec,9e58becab9d2512bad0fdf150fedbea84d6b9b03,2017-05-06T19:15:39+09:00,1494065739
2b70e88,2b70e88d367f3e697023c2b7c3054e8a26e6faaa,2017-05-06T19:15:39+09:00,1494065739
fba92be,fba92be8f73818c4e79dc0b93ba26733d0ba5efe,2017-05-06T19:15:39+09:00,1494065739
473e393,473e39307d8c9db93bd08d82898e7fff7002c8cb,2017-05-06T19:15:39+09:00,1494065739
e799ed4,e799ed408eb59ca631c4908ba4236cd146ff6bd2,2017-05-06T19:15:39+09:00,1494065739
a0bba65,a0bba65b107651946431bee4c71d05d812988d9d,2017-05-06T19:15:39+09:00,1494065739
207a06c,207a06cea39579586952a9a50bd25352e5c952f1,2017-05-06T19:15:39+09:00,1494065739
0ef8e16,0ef8e169aa40ac98dce71f61074bcd729cd9ba54,2017-05-06T19:15:39+09:00,1494065739
2c1eb10,2c1eb104543265c2d26cf36303b35e426dcacf68,2017-05-06T19:15:39+09:00,1494065739
0d32c18,0d32c183b636ffba6462b21ed0c844b6cb887b3f,2017-05-06T19:15:39+09:00,1494065739
5a52214,5a5221427cb8b78c3246ffa305900db935017c54,2017-05-08T09:44:54+09:00,1494204294
2e477d8,2e477d8d71709120023987f52a93721100ad0f26,2017-05-08T10:29:30+09:00,1494206970
de950c5,de950c577317f499df44c383ecbb7967f4905db9,2017-05-08T10:50:43+09:00,1494208243
974b50c,974b50c5565107e1e3209176682ee6f6e420bd2b,2017-05-08T10:57:26+09:00,1494208646
825b922,825b9226bf7a962bc76571319b1444bc02fdcdf8,2017-05-08T10:57:26+09:00,1494208646
c0c70f7,c0c70f7ac080c3b4ecc50a3207eb66e97c10271d,2017-05-08T10:57:26+09:00,1494208646
57e0ef0,57e0ef0e0e90c4cb72c35db874fc3d035b88ce4d,2017-05-08T11:12:42+09:00,1494209562
d32de66,d32de66a07c600c14f70e6d435f8f9c496b0d625,2017-05-08T12:18:20+09:00,1494213500
912c13d,912c13d58faf355589a3f67fd55b2015561e0184,2017-05-08T15:12:56+09:00,1494223976
71f35d5,71f35d5cbc0336ca5dca6b638c31d96611d301a7,2017-05-08T15:12:56+09:00,1494223976
9e31eaf,9e31eafe7e98bab5013e598037e5581739fd4f42,2017-05-08T15:12:57+09:00,1494223977
4322478,4322478a496a5b729a77792584e427d9e7132386,2017-05-08T15:12:57+09:00,1494223977
1e4085a,1e4085a05d7a486920afcd995bb0c1737d54c670,2017-05-08T15:12:57+09:00,1494223977
68ab61d,68ab61dd099a2ce9f700fa68b9b7cc7722304407,2017-05-08T15:12:57+09:00,1494223977
33d66df,33d66df34ece4f597590263df502ff3578b6becd,2017-05-08T15:12:57+09:00,1494223977
7422ab5,7422ab50d1011b2b26b59bf11b91a1202618f3e5,2017-05-08T15:12:57+09:00,1494223977
1e43ed9,1e43ed986775d8e8ecaef4dac8b98dcbae6298c1,2017-05-08T15:12:57+09:00,1494223977
e6a492b,e6a492b7beca9dc8b656f2be3aec23fc1a35e4de,2017-05-08T15:12:57+09:00,1494223977
834bc47,834bc47b42926dac7bb4d9df43bd1ea58ac794ce,2017-05-08T15:12:57+09:00,1494223977
3e93098,3e9309815da9aab4e13195b7c6a52c1f7161562a,2017-05-08T15:12:57+09:00,1494223977
f26efc5,f26efc58c881ff71be0c96ffc66eabf5ac75ba84,2017-05-08T15:12:57+09:00,1494223977
49a09e7,49a09e74a413cfccee2c249407b46cdd0ea699cd,2017-05-08T15:12:57+09:00,1494223977
740ee05,740ee055c6178fc2dd43c5ccfbd367c4c64d6e0d,2017-05-08T15:12:57+09:00,1494223977
a92ea68,a92ea68fefe2b7ce61363da3f5e0ae09dd6edba4,2017-05-08T15:12:57+09:00,1494223977
d3101b5,d3101b533d365825f52d8e5e52328702acbc8e3a,2017-05-08T15:12:57+09:00,1494223977
cedfc41,cedfc41ac62c691557263a8db41f7f693914d68d,2017-05-08T15:12:57+09:00,1494223977
9849129,984912989d6c4bc4c34bcf4296173ed96b22d272,2017-05-08T15:12:58+09:00,1494223978
4417df8,4417df8c492489613d031478ba2e3604f65a5f84,2017-05-08T15:12:58+09:00,1494223978
1aa40df,1aa40df6b15c1114264ba19897579cec9f063f30,2017-05-08T15:12:58+09:00,1494223978
a58a1b0,a58a1b01ff86465f503bf835a41c83e34be376ce,2017-05-08T15:12:58+09:00,1494223978
654b9a9,654b9a905c160aec86be6c0b11bd1c539a62c0b9,2017-05-08T15:12:58+09:00,1494223978
de37d50,de37d50d76f4cfac2876af8a8ceff0f65b5f27b0,2017-05-08T15:12:58+09:00,1494223978
6f37eb7,6f37eb7d858ef7fff79ee083c98ee99ab9bc05a4,2017-05-08T15:12:58+09:00,1494223978
ace976b,ace976b26ced2f35415119984f9d58d26b478afd,2017-05-08T15:12:58+09:00,1494223978
a9b5f5b,a9b5f5bfd50bfd0a96e464ccf926092ffe03163a,2017-05-08T15:12:58+09:00,1494223978
944cffb,944cffbd18a7dbe0b4c5849da6f093c41b49ea00,2017-05-08T15:12:58+09:00,1494223978
48be4c6,48be4c625bf0f35309fdf501f47eb7445a9f5494,2017-05-08T15:12:58+09:00,1494223978
a9dbc17,a9dbc179100b7119cb44eb5b4adcb47967f346a6,2017-05-08T15:12:58+09:00,1494223978
c251c83,c251c83df276dc0bff4d008433268ad59b7a8df2,2017-05-08T15:12:58+09:00,1494223978
65e2041,65e2041e4042c21d2b97d4ab194b881695493bb0,2017-05-09T07:03:34+08:00,1494284614
3f78971,3f789719a65bfa6c302e8f794847a3eb69b6881b,2017-05-09T11:23:14+09:00,1494296594
e294e89,e294e8959fea043225a023f981121540b14b08cd,2017-05-08T19:33:31-07:00,1494297211
da5a1f8,da5a1f81008f89f4e533006df8fa536e43c9c677,2017-05-09T12:09:03+09:00,1494299343
b7b744f,b7b744f297b736c51636407f5883b3777bb36433,2017-05-09T12:11:44+09:00,1494299504
12913a7,12913a78cedc491f89a34ab0b545831d6006fc98,2016-05-12T12:07:11-07:00,1463080031
7a3eb9e,7a3eb9e2224d883df229fe4adce51e762165573a,2016-05-12T12:12:48-07:00,1463080368
fd9dbdf,fd9dbdfb3dc934a88b8b7505ab01db949a294a4e,2016-05-13T11:03:11-07:00,1463162591
17130a7,17130a704620c0e5455ef0f362f8d0f40758d1ea,2016-05-13T12:54:06-07:00,1463169246
f831acc,f831acc6c6839426e6ccb42d7fd1931863bb07ac,2016-05-14T10:37:17-07:00,1463247437
951b551,951b551d0f349f145f8606b946d64fc452ad6a51,2016-05-16T14:53:03-07:00,1463435583
f2c96ce,f2c96ceb57afd8c64c3e3e656f9390c95e9fbec9,2016-05-17T14:38:17-07:00,1463521097
e059388,e059388fb200fb2b5281ce211242ef3525a9c2c7,2016-05-17T14:38:25-07:00,1463521105
40cfc95,40cfc95856594ddd04ae6ef3bfd041346c4854ec,2016-05-17T14:38:28-07:00,1463521108
bfc99b6,bfc99b63fe859e16ddcfcbe6ac09f98b8d06b34e,2016-05-17T14:38:39-07:00,1463521119
12f7526,12f7526c66547ced1b670f5c0faeec5120fc9c7a,2016-05-18T14:14:04-07:00,1463606044
845de33,845de33a5b2c9efb7761d091f1475ec89c25798a,2016-05-18T14:17:38-07:00,1463606258
787a490,787a490ceee14d456912a1ce8d865be9c92b6f99,2016-05-18T14:40:04-07:00,1463607604
14af79b,14af79b93d3f8fa4aaf97a05f8a0564071c656a0,2016-05-18T14:40:11-07:00,1463607611
c57e501,c57e501c51d6b76ce30658b94ee4a5dc6ac27f3e,2016-05-20T15:01:00-07:00,1463781660
352d72a,352d72a30e3d113064ebc194f49560eeae34b332,2016-05-23T14:54:29-07:00,1464040469
72ce3ff,72ce3ff7b51c1e0703f433fb000519521441abf8,2016-05-23T14:54:31-07:00,1464040471
c72ee44,c72ee44bf4bc7549ee8710037ae8adfae6d8efc2,2016-05-24T13:21:58-07:00,1464121318
5c63920,5c63920190b38f4ea92d5b0104d3697a34f5f2b3,2016-05-24T15:49:02-07:00,1464130142
a87bcd6,a87bcd6d47d545402ab80ae71a39531997eb6f6f,2016-05-25T15:39:50-07:00,1464215990
adbcfe6,adbcfe6547fda8fe66618355a8a2031ac27d1a90,2016-05-26T13:16:51-07:00,1464293811
e29300d,e29300d69fb8e003b36f155a5f286d72ee5a557f,2016-05-26T13:17:23-07:00,1464293843
7777322,7777322816a31edff4fb9f429847d11f8974f264,2016-05-26T13:28:24-07:00,1464294504
6640988,66409881238702fa6351e655f6aec8675c4b346f,2016-05-27T14:49:02-07:00,1464385742
07ffe87,07ffe8716f8be04d838915402b482c5ee03227d4,2016-05-29T18:06:41-07:00,1464570401
9812f21,9812f2136b3ebb28ccdb52e19660bffde760ff23,2016-05-31T10:17:20-07:00,1464715040
ff2981f,ff2981f724c617d377229666e6deae257de5e239,2016-05-31T13:08:56-07:00,1464725336
392f6d3,392f6d316623e8ecd6210248ba9ae2cabf07352b,2016-05-31T13:08:56-07:00,1464725336
e0876bc,e0876bca4de44638a1cb51b03bdf0a40df631a80,2016-05-31T13:08:56-07:00,1464725336
9ee8f94,9ee8f9409cab2a52e133c63bdd0acce24f99e73f,2016-05-31T14:08:26-07:00,1464728906
257f6f4,257f6f404bbb90512262dbb6f7f873a61bf381dc,2016-05-31T14:12:08-07:00,1464729128
1da16e1,1da16e1ed85c5be6eb243ca91225757b25088623,2016-06-01T10:10:16-07:00,1464801016
2595a8b,2595a8b146e86a3217cd6ee44bcc889cc2fe774f,2016-06-01T10:10:16-07:00,1464801016
885eefb,885eefb12d35e416e637a92d8a6e7ac17eefd5cc,2016-06-01T10:10:16-07:00,1464801016
f4c9eaa,f4c9eaa49c5ed87b304a40b95b1d06d46a8cbfa9,2016-06-01T10:10:16-07:00,1464801016
82f0dfc,82f0dfca542e95b74ff967f10fb4247e11a2d9d9,2016-06-01T10:10:16-07:00,1464801016
dbd2343,dbd23433e7b3d95bb03b44e9da86f713f1e35e17,2016-06-01T10:10:16-07:00,1464801016
36371e4,36371e4c7ef87a2895b954284c29e8beff576084,2016-06-01T10:10:16-07:00,1464801016
70e1d53,70e1d53df17bc8fa81f3583a50f76753a8bac154,2016-06-01T10:10:16-07:00,1464801016
b0f4b40,b0f4b4084626ab0f87611acd89030e8bdf0b850e,2016-06-01T11:31:49-07:00,1464805909
1df036e,1df036ea25f8c6cb2f37633f603a93355a1e63ab,2016-06-01T17:23:38-07:00,1464827018
8f31fac,8f31fac365c312aa9109a7a1fc1014e56ed473d2,2016-06-03T10:30:16-07:00,1464975016
be3ac81,be3ac81f0c73252b7df34522e4886c4427eb43ae,2016-06-03T14:38:00-07:00,1464989880
bf523da,bf523da2a2ed830686b72cd1fd51c51c808c6587,2016-06-03T14:38:04-07:00,1464989884
5b04ee3,5b04ee3b95d8fe7ab41f03996cf32634239df337,2016-06-06T22:33:59+08:00,1465223639
05781d3,05781d37fa43b5dada77d1bcfd4cdc42742e7421,2016-06-06T14:27:35-07:00,1465248455
1676827,1676827c859d838dc104a21f993af40d01586c0f,2016-06-06T14:27:38-07:00,1465248458
c42b5d8,c42b5d8e69ba45b00d1681745a72c1d3af1e897f,2016-06-06T14:30:49-07:00,1465248649
7bafc67,7bafc6758c73805a453b36dcd41720c17bf25216,2016-06-07T14:28:53-07:00,1465334933
41f5b21,41f5b21f84b4d7db8e8c6edb34682c0f840ad8c8,2016-06-08T12:04:37-07:00,1465412677
aef18cc,aef18cc6063106075afeb3a78ec72656b19c8bde,2016-06-09T22:08:39+08:00,1465481319
b0e098c,b0e098ce46ce7f8ecd975720ccec8d0eb7787e50,2016-06-10T18:00:46+02:00,1465574446
21d2a9e,21d2a9e3cce6167a3cf69303ad5b35ec819a763b,2016-06-10T11:54:49-07:00,1465584889
dc72b50,dc72b5006f29e98e8a394a3bcc14c7a03ffbcd5e,2016-06-10T14:53:32-07:00,1465595612
8ffc9d2,8ffc9d26e41f1ce23acbaee0f14419d99677b5f9,2016-06-10T15:26:04-07:00,1465597564
92c2852,92c28525f645543272f9fb7d9b728966f2c75f11,2016-06-11T12:53:43+03:00,1465638823
3a0b6b9,3a0b6b9aba844075e802a6dc4c24622b34ab535b,2016-06-13T11:23:49+02:00,1465809829
92b3809,92b380931ee8beacb0c09635432b38a02b9fcc7e,2016-06-13T11:23:49+02:00,1465809829
bcb497d,bcb497d0f83f9c3e60f00fd2cc87130923329ed9,2016-06-13T11:23:49+02:00,1465809829
165056b,165056b2fc065e27e4077a11ed2bf1589207b997,2016-06-13T11:23:49+02:00,1465809829
92b1551,92b1551b1d407065f961ffd1d972481063a0edcc,2016-06-13T11:23:50+02:00,1465809830
5d9b2de,5d9b2de4ef5a6b0cc38bbb3affcc614a66c663d7,2016-06-13T11:23:50+02:00,1465809830
665b35e,665b35eccd39fefd714cb5c332277a6b94fd9386,2016-06-13T10:28:38-07:00,1465838918
7013220,7013220d2b3181d4ae55e21e0f18b9abfd6e011d,2016-06-13T10:37:48-07:00,1465839468
05219a1,05219a1276341e72d8082d76b7f5ed394b7437a4,2016-06-13T10:42:13-07:00,1465839733
5c24cde,5c24cdea1e33c72bfed4af25a363eb5ceae11199,2016-06-13T14:38:16-07:00,1465853896
8bf3b75,8bf3b75841ead5a796b62a54534b5a203adffae4,2016-06-13T14:38:16-07:00,1465853896
3f0f662,3f0f6624f554a663ca0c83fd80f769dc9cef93e2,2016-06-13T14:38:16-07:00,1465853896
0d789a5,0d789a5bc1aeef2d6d0d3120efc4b85766a0a327,2016-06-13T14:38:16-07:00,1465853896
508ea88,508ea88226bbdd25ac0aac4f9c8a65a2c3b5be5c,2016-06-13T14:38:16-07:00,1465853896
41da711,41da7111f2c825ee0dcd319ec246a84b5ca0fd21,2016-06-13T14:38:16-07:00,1465853896
a45a260,a45a260086b395729e3c26c9680602e1352184b5,2016-06-13T14:38:16-07:00,1465853896
9e70233,9e70233a17f158f499c60ff82c20c7646fde66e8,2016-06-14T10:56:27-07:00,1465926987
b7410f6,b7410f616ea938ab34816b04e0479d55877af511,2016-06-14T11:58:05-07:00,1465930685
3cddb00,3cddb008c15978ae81ff144e24303467076d200f,2016-06-14T13:06:10-07:00,1465934770
6a7bcb5,6a7bcb54714c55234a292047ea6bb657bd5ab1b5,2016-06-14T13:57:38-07:00,1465937858
46e3d17,46e3d17f57f90538242b7a1dde126eba59f7c5ab,2016-06-16T11:38:58-07:00,1466102338
3ad87c8,3ad87c807c2b6cbfbdfb2c78412781ecc7db593d,2016-06-16T11:43:36-07:00,1466102616
43ec550,43ec55091553658e4cfb1d927ff2a0fb50a8fdba,2016-06-16T17:21:48-07:00,1466122908
76f9d8b,76f9d8bac8138d4c0caac02983ef4df7f9a51cba,2016-06-17T11:39:05-07:00,1466188745
070b7e4,070b7e441649b9c2543fda7bfbef0ad58761f869,2016-06-17T15:45:47-07:00,1466203547
96335bc,96335bcf4d64c29add3692fb41671190123cf44e,2016-06-17T17:03:56-07:00,1466208236
8d6a7e9,8d6a7e9a198488a1594cd178240fb56085129c78,2016-06-20T11:01:00-07:00,1466445660
349e0c1,349e0c1adcaa3061623aa7e82b47039db114805a,2016-06-20T11:01:01-07:00,1466445661
1958a17,1958a17fe41ab424d7d655de66a04a7711e7bbd3,2016-06-20T11:01:02-07:00,1466445662
d15c05a,d15c05a5d016bfd637fa1966951ae0686d17272e,2016-06-20T11:01:04-07:00,1466445664
c5f04dd,c5f04dddb6cf5f76adfe145de3565411711255b8,2016-06-20T11:38:18-07:00,1466447898
4c4de89,4c4de89573fa29b7f97e7a9a3d0674dbdb6f2a28,2016-06-20T11:38:20-07:00,1466447900
bf0c660,bf0c6603ff809b035bd3b2049597e2273e9d86ed,2016-06-20T11:49:00-07:00,1466448540
e3f5103,e3f510393c9d373f2969badc2b8afe179803a0fa,2016-06-20T11:49:00-07:00,1466448540
36d6792,36d6792157cc064607147b942c80bc3716dd339b,2016-06-20T15:08:07-07:00,1466460487
fe0537a,fe0537aa6eac07022be471ef132fb565741e7209,2016-06-21T15:33:34-07:00,1466548414
7735612,77356122443039b4b65a7795d66b3d1fdeedcce8,2016-06-22T13:23:56-07:00,1466627036
1a0962d,1a0962dee51addaa44a53f9d9782e8231d27cc96,2016-06-22T13:47:16-07:00,1466628436
0111681,0111681ecfe4d04a354536e62af1cde7c49e1c40,2016-06-23T11:32:51-07:00,1466706771
df8e472,df8e472cc1bbd14a60d22b0b124f07046c6e1fa2,2016-06-23T11:32:51-07:00,1466706771
aefc81a,aefc81ad38b3a6fc88a0e8db6fafe75692f0d4b3,2016-06-24T13:00:39-07:00,1466798439
179795e,179795e51171ebf10932b553d7df72819fa4a7b5,2016-06-24T13:59:58-07:00,1466801998
95235f5,95235f5ba1a9398c8503b809370ece18bba72ba2,2016-06-24T15:20:47-07:00,1466806847
949782d,949782d860889cbd50edfdf8c00e91d7a4f6cb05,2016-06-27T07:31:35-07:00,1467037895
c22f620,c22f6202052ca84c68df4fbb16e42c826d429558,2016-06-27T08:33:21-07:00,1467041601
0a20325,0a20325a01d089d8274aa4be05d79e6c157e1319,2016-06-27T09:56:22-07:00,1467046582
0bbda4b,0bbda4bac71605af21be2670c1f4d04d10594fcc,2016-06-27T09:56:42-07:00,1467046602
c49fd57,c49fd57bf472143b1a0bbfb246c91e6ea0f06887,2016-06-27T09:56:49-07:00,1467046609
e165849,e1658495beaff4f6fe0aac7bc4d9fdb5ccd81a04,2016-06-27T10:00:15-07:00,1467046815
d0b39a0,d0b39a03cd5d6d5f9e2eac4907d9f47ec3d821da,2016-06-27T10:58:02-07:00,1467050282
46e22b7,46e22b70dfe541f4ca1c04a53aba17df377b70f9,2016-06-28T08:20:52-07:00,1467127252
55c529a,55c529a7005c653ceb318e1e25b40ff96a41877f,2016-06-28T11:39:02-07:00,1467139142
fa90ab4,fa90ab4a4512858662b4d712a7b01cce970057ef,2016-06-29T12:43:44-07:00,1467229424
4886081,48860819e80260abae480407d0bd75dd58e70bb7,2016-07-01T10:17:39-07:00,1467393459
d1657b5,d1657b570a44108e49032962da201aad48689605,2016-07-01T10:25:46-07:00,1467393946
793dc67,793dc676e08394ed15bffe0ed66606ff9ced1c6a,2016-07-01T12:44:30-07:00,1467402270
e8c1672,e8c1672655dcff59aaf0f78fa256b1d2e3f1ba9b,2016-07-01T12:44:57-07:00,1467402297
3d5b23a,3d5b23a36218b0417a056fa7b5e6d25d595ccaf2,2016-07-01T12:44:57-07:00,1467402297
415c7dd,415c7dd026e4649bea48c35ccbe29d2fa8b69be5,2016-07-01T12:47:30-07:00,1467402450
878452b,878452b966521d75a58aa062bbe70511df88f497,2016-07-01T13:26:30-07:00,1467404790
3f2e229,3f2e2297b9c88a6ab5fc4bff02cf2a07ce057589,2016-07-01T15:09:10-07:00,1467410950
12e0437,12e0437f237ad72df3a2f3f8b067cf8097d792f1,2016-07-01T15:09:10-07:00,1467410950
9b67c99,9b67c9942eba3b1a6b008ddab8ee6e542bd3de6b,2016-07-06T07:43:29-07:00,1467816209
1be36b6,1be36b60f158b55e8d594e2b605928a9a71a432f,2016-07-06T11:50:48-07:00,1467831048
c578a09,c578a09bd6310157ea69bb1d2ec2d3d2cc58c85a,2016-07-06T12:18:09-07:00,1467832689
c8b080a,c8b080af7108744299e26e8d38cb6587b933f9fc,2016-07-06T13:06:39-07:00,1467835599
2f84df2,2f84df2ca0f7a5174d2eb5f4ee52324ce8f807b9,2016-07-06T13:38:06-07:00,1467837486
7e58b81,7e58b8166e6ac191739cf9001e73b2157f3aead5,2016-07-06T13:38:07-07:00,1467837487
f2140c3,f2140c3890780301760ee290f21be01f61726221,2016-07-06T13:38:12-07:00,1467837492
ed0f7bd,ed0f7bdec93478e280c9faa2a8ffb13a183cda09,2016-07-06T13:38:12-07:00,1467837492
fd4df42,fd4df42275b73bdcd938a833053b514125f3f9a3,2016-07-06T13:38:14-07:00,1467837494
d19e3a5,d19e3a5b21f28c07886801616e02e08eab64a7d8,2016-07-07T14:15:08-07:00,1467926108
6672b9f,6672b9f962e4f01cae3c115ed54586a6f62aced3,2016-07-07T15:36:56-07:00,1467931016
aabbd3f,aabbd3f3c9dd17c414100d0e029f8a3d13673ab1,2016-07-08T09:47:28-07:00,1467996448
ef22318,ef22318cff51244cd0047b11ee7accfded522782,2016-07-08T09:47:29-07:00,1467996449
52563d7,52563d7ecc8f3f38cb1c0521294c5f6a0a475637,2016-07-08T09:47:29-07:00,1467996449
e78d5d4,e78d5d49935373dabcc40c5e32aefe4956a70b97,2016-07-08T09:47:29-07:00,1467996449
fa262ca,fa262cac766d383c51e0ead04c62e114a79bd738,2016-07-08T10:11:23-07:00,1467997883
3c5de5c,3c5de5c77b0718b47010b146160ecff6309f86b5,2016-07-11T10:31:05-07:00,1468258265
62e5e83,62e5e83f8dfc98e182a1ca3a48b2c69f4fd417ce,2016-07-11T10:31:08-07:00,1468258268
5f30bb4,5f30bb4a8144a2132568021a18972a89c1dfd3ca,2016-07-11T10:44:09-07:00,1468259049
76180a2,76180a2ba45986af0a0399690fef0ecd823348a5,2016-07-11T10:44:13-07:00,1468259053
a5229cc,a5229cc95103fab9449bf198a8a119482a8f0845,2016-07-11T11:55:08-07:00,1468263308
231a4b7,231a4b77851db6cbefb1c0c5cf8ff8f6ef0afb36,2016-07-12T11:50:32+03:00,1468313432
43b8bba,43b8bba6b60aa644456d7682b99357dd4778e8d6,2016-07-12T15:17:41-07:00,1468361861
166df26,166df26f2821ea23b7c269a32fd63be43a2a0bb9,2016-07-13T09:14:20-07:00,1468426460
da49a7d,da49a7da3ad5e31fa858a6d48d8a6af9c4690724,2016-07-13T09:15:08-07:00,1468426508
2703572,2703572b3a005848ed058d2775fb933a17ac3656,2016-07-13T11:24:10-07:00,1468434250
7a23f73,7a23f7367d1a9946ff151d1491a3a73de43b64c3,2016-07-13T11:24:18-07:00,1468434258
b738396,b738396cfdcc276c0cde0c1a6462c5cc74ba7b76,2016-07-14T10:38:28-07:00,1468517908
f6a4e61,f6a4e61fbb647928d615a0befaec163a5d2bf4af,2016-07-14T15:50:41-07:00,1468536641
33eacd3,33eacd3ff43e49109594c44e93b7ee66725fb8af,2016-07-15T09:43:42-07:00,1468601022
82246e0,82246e075e5c028dd886adda68e28de092e33df1,2016-07-15T10:49:23-07:00,1468604963
f9e7d9f,f9e7d9f8c3e32280418a0bedd9d37f2a0cc2e2b9,2016-07-18T13:45:32-07:00,1468874732
3b75ee9,3b75ee93278179004bc2f117fcfe3d5d76a0a2fa,2016-07-18T14:33:38-07:00,1468877618
7418a6b,7418a6b1a056d076b07087bdd27ad51baebc95e0,2016-07-19T13:22:13-07:00,1468959733
a883c31,a883c31af66195556a775f75851f46573c98e43d,2016-07-19T13:22:17-07:00,1468959737
d4c6375,d4c6375fd8996d7d809fb34b9743339d7192c58b,2016-07-19T13:22:19-07:00,1468959739
566fdaf,566fdaf611f44724120412a43132c07b020fc4f1,2016-07-19T13:22:21-07:00,1468959741
3d55eea,3d55eea805c5451afd0a56a4f5aa045ba63083f9,2016-07-19T13:22:23-07:00,1468959743
f26eef3,f26eef302fc315394d1016eb06360637ac86f62e,2016-07-20T12:09:31-07:00,1469041771
7043c70,7043c7071cdbdef60ce8413f425da622b8e6dc85,2016-07-20T12:10:53-07:00,1469041853
27ac837,27ac83718cc9ebc98a31eb7f17c0646d78909032,2016-07-20T15:15:16-07:00,1469052916
b0a61ab,b0a61ab23c0fd51a1b641b481e6a63f8661a8f9f,2016-07-22T10:20:27-07:00,1469208027
74a7fa4,74a7fa44d36c3e93febccdea5f44ff78555463d0,2016-07-22T12:33:45-07:00,1469216025
c4c02bf,c4c02bf16c47f8751958458e540269ec13f4bd98,2016-07-22T13:43:50-07:00,1469220230
2b68222,2b68222d72fcb899ac87d8d48f066b49b5182f28,2016-07-22T13:47:33-07:00,1469220453
7b232ad,7b232add79b5d95a1f5dbdf72eeb8fa9a6b92a56,2016-07-25T10:42:33-07:00,1469468553
87492cb,87492cb24d9d8be8e18217b89ae5f090089ff31d,2016-07-25T14:13:33-07:00,1469481213
9db3979,9db397978416f9d562a94e55db86c7a45210a05c,2016-07-25T14:13:44-07:00,1469481224
b4e8a84,b4e8a847ba4e775fb7d422b2daf18356db50eec8,2016-07-25T14:13:47-07:00,1469481227
3be18b4,3be18b47e4249a3e3f8ae9968abffc954c7e293a,2016-07-26T11:13:44-07:00,1469556824
3c8a51e,3c8a51e89a90cb2a4016b1c30a10c7245bbdbeda,2016-07-26T11:13:44-07:00,1469556824
eee98e7,eee98e74f928a49c310038c77026ebc04e6cf4b2,2016-07-26T13:48:09-07:00,1469566089
fbd3199,fbd3199a6d8c6b3fd1e9aa0034cee9a0c6a9bfb4,2016-07-26T13:56:57-07:00,1469566617
1bd3750,1bd37509cac35877761a21c0654eba18fb5a73ad,2016-07-27T12:27:37-07:00,1469647657
6ae6a23,6ae6a2331879626e127ab912e746931ea30a2166,2016-07-27T19:10:22-07:00,1469671822
c97268c,c97268c822077ba414f90f6ba357fab170bb3986,2016-07-28T10:34:40-07:00,1469727280
ad2d777,ad2d77760434e1650c186c71fa04a8fdbd77266c,2016-07-28T10:34:42-07:00,1469727282
4966b58,4966b58f3e1f295e3fb22560006b1db717b56f37,2016-07-28T11:25:50-07:00,1469730350
174f9e6,174f9e622fde6c874ba3d53eb05d0f37d6001ba5,2016-07-28T11:25:59-07:00,1469730359
6cbec0d,6cbec0da471590a2b3de1b98795ba20f274d53fa,2016-07-28T11:26:03-07:00,1469730363
514dea9,514dea905a3c72c8f7268347793f2947efd547be,2016-07-28T13:05:14-07:00,1469736314
d949751,d94975185947bd8594a4a8564ec6040e8c242b70,2016-07-28T13:22:46-07:00,1469737366
2a96d39,2a96d39824464c28f2f45f2f4a4d53d7c390c9eb,2016-07-28T14:20:13-07:00,1469740813
a73cdd2,a73cdd21c4514bf0890d4c1ac756fe02262b1192,2016-07-29T11:05:07-07:00,1469815507
dfb7a1b,dfb7a1b4d0dafd53bf3980b3bd90668bf8d2a27f,2016-07-29T13:23:03-07:00,1469823783
bc9204d,bc9204d4ef6e0672389fdfb0d398fa9a39dba3d5,2016-08-01T11:45:27-07:00,1470077127
6bc6b6c,6bc6b6c0dc0a58874a7a6b9afc3156a5cf9bb10d,2016-08-01T13:13:02-07:00,1470082382
c0fa44d,c0fa44d8f1ed211e4e0edbe6bef4697b36b9bacc,2016-08-01T14:20:51-07:00,1470086451
54ba5a1,54ba5a1a16c0306bda1c304a341b9e4e7ab44684,2016-08-02T14:34:17-07:00,1470173657
f6fb30a,f6fb30a01d2373f36cbf2054be9ae1bf65475794,2016-08-03T08:53:52-07:00,1470239632
a350312,a35031240b8d47ce89d7738ccfd3473073b5a823,2016-08-03T15:10:22-07:00,1470262222
d083d42,d083d420b7d24a57cfd32af71100ae4c887f3a39,2016-08-03T15:10:25-07:00,1470262225
f4fa8a9,f4fa8a9b18a840539edf908bb82b54c5f82aab31,2016-08-03T15:10:28-07:00,1470262228
92bbe7c,92bbe7ccf1fedac825f2c6ab4c8de91dc5370fd2,2016-08-03T16:11:35-07:00,1470265895
10881f0,10881f076e19fbd0fa7b753b7c6c8203b419be83,2016-08-04T14:39:16-07:00,1470346756
38f460c,38f460caa26e5dd06c3e874e30ea0ec5beb49b56,2016-08-05T09:27:34-07:00,1470414454
ca5c701,ca5c701ca50c24807793294c5ed22230858ac5e6,2016-08-05T09:28:17-07:00,1470414497
189d035,189d035e67b1f8cdbb1dbd388efd1b7434f34b04,2016-08-08T10:43:20-07:00,1470678200
aa9136a,aa9136a87e3ce299fe966da4686a571d6a528311,2016-08-08T14:21:36-07:00,1470691296
1e274ef,1e274ef2ba7d345f1bc469f46030f871aa348863,2016-08-08T14:21:39-07:00,1470691299
48aa37e,48aa37ed4266e75340abd3232860d6d14a30c774,2016-08-08T14:21:42-07:00,1470691302
f7b01d3,f7b01d3eb76b5c1d04b774454364e87b49e80b56,2016-08-08T14:21:46-07:00,1470691306
3819fb9,3819fb9ab4c80e5fea3a7b31703a3884f47c8a83,2016-08-08T14:48:33-07:00,1470692913
768eded,768ededa9c4e804ead6d473d4fe3a8092a77b05c,2016-08-08T14:48:38-07:00,1470692918
7884962,78849622ec58ae576f36b155824e813543a9bdf5,2016-08-08T14:48:39-07:00,1470692919
43a42aa,43a42aa40303b2b5a3fdd04a04ce4f8d015d14eb,2016-08-08T14:48:44-07:00,1470692924
dc29dde,dc29ddebb969af489cdfd5dbbf424710973ef62f,2016-08-09T10:19:24-07:00,1470763164
2ff30e6,2ff30e67d996b89fe16517a2ba4b55b417172389,2016-08-09T12:44:59-07:00,1470771899
61efc5c,61efc5c2d81cbd8c9a5d145e1aab2f744772c856,2016-08-10T11:55:19-07:00,1470855319
60b84ba,60b84ba26c588c09759b90b96e072cceb862a859,2016-08-10T11:55:24-07:00,1470855324
24fbe00,24fbe004904f95ea07f22fea4e4c02a632149d73,2016-08-10T12:33:17-07:00,1470857597
11b5395,11b53957ac81dc31668a1d8fe65d19d5f60dd501,2016-08-10T12:33:20-07:00,1470857600
27b5c1a,27b5c1a0653026645bd6908ee5abfdceb1c95082,2016-08-11T10:42:23-07:00,1470937343
4cf2143,4cf2143e02993440d6661ddccbd896bee7756c02,2016-08-11T10:44:13-07:00,1470937453
d9fc746,d9fc746cd77910a7dec53abfec36df5c699b33c2,2016-08-11T11:15:40-07:00,1470939340
4d5acae,4d5acae0ca9c3a72c7ba7d82d684e7c0e57f8e92,2016-08-11T12:41:09-07:00,1470944469
bb493a5,bb493a5c147a4b60f0f412a71bf9236ede4a560c,2016-08-11T12:41:47-07:00,1470944507
b6446d5,b6446d54ec70817ddd96b5c9668dd74a996719bf,2016-08-11T12:41:47-07:00,1470944507
119ab15,119ab159e65b229feb3851334441ca24aab131ba,2016-08-11T12:41:47-07:00,1470944507
f4fd627,f4fd6276619dfe7cf9a024730ca65b1bd0b3492b,2016-08-12T09:16:56-07:00,1471018616
2f9c615,2f9c615efb164e62fb27a5d4a50454ae9f5c87ad,2016-08-12T09:47:34-07:00,1471020454
b32d7c5,b32d7c524b2a0e404c297609aea6ec1cf9f889fe,2016-08-12T09:47:36-07:00,1471020456
6d4960a,6d4960ac7d360744fe5bac39cb90697d81128565,2016-08-12T09:47:36-07:00,1471020456
0a315be,0a315befa7cb3132ab2ee6caa7dccb2299b7a348,2016-08-12T09:47:37-07:00,1471020457
2846ef3,2846ef3e27ff0e34812dad788b706f0a1e5b5e80,2017-03-16T13:57:00-07:00,1489697820
a7bc845,a7bc845a9ae2bc4c58566e6744dd3cec0f805244,2017-03-16T14:07:16-07:00,1489698436
28dc98e,28dc98e343ca4eb370a29ceec4c19beac9b5c01e,2017-03-16T15:16:40-07:00,1489702600
8325e43,8325e43b82dd0bd00c37abed45861bb8c155b022,2017-03-17T10:40:25-07:00,1489772425
5c2bd8b,5c2bd8b77aeefa4c6484684ef3e9227a6287a93e,2017-03-17T11:06:09-07:00,1489773969
60759ba,60759baac1f063a6c3069ca4b909abb8a20fa08a,2017-03-17T11:19:40-07:00,1489774780
4fb1c6a,4fb1c6aad82212051d95b2d0b1f4c877d076bf5d,2017-03-17T11:54:49-07:00,1489776889
be80a23,be80a2392f5d10395bf934a066faeefdb6bb380a,2017-03-17T11:54:50-07:00,1489776890
94c9b5a,94c9b5af703eb70adba349cfbfaaa3029849744c,2017-03-17T13:50:23-07:00,1489783823
f6c64c6,f6c64c648ade843b44d517b2de41b8b882f112c0,2017-03-17T13:50:26-07:00,1489783826
9c96637,9c96637163ef26c7726e693984c2d4d9599d4e7e,2017-03-17T13:50:28-07:00,1489783828
5ab7227,5ab72271e16ac23c269f5019a74a7b1d65170e47,2017-03-18T15:35:09+00:00,1489851309
bb62e0a,bb62e0a99fcbb9ceb03502bf2168d2e57530214f,2017-03-18T09:51:23-07:00,1489855883
dce96c4,dce96c41f9d11280ba25ca3927f3e627f03eaf86,2017-03-18T10:13:09-07:00,1489857189
4ecae3c,4ecae3c8c182a7d3bd27b6e0e0afd0000f825d8e,2017-03-18T10:18:20-07:00,1489857500
2c7ee98,2c7ee986c70e276531881d8730b9bb299b30d5c0,2017-03-20T10:04:57-07:00,1490029497
0e758ac,0e758ac5a8073983774dee15f1cd3d3b6c4bb5fd,2017-03-20T13:56:00-07:00,1490043360
e4da43b,e4da43b1f063d227b5f7d2922d27458748763a2d,2017-03-21T11:18:41-07:00,1490120321
0488792,0488792d2e56bfe38be6ea7f5456bd3286c807b8,2017-03-21T11:19:52-07:00,1490120392
2ee0056,2ee0056779a7fb736092fc78de10b7e908f46f25,2017-03-21T12:00:43-07:00,1490122843
f56a439,f56a4390eec81243c259b1022350720f94573c13,2017-03-21T15:03:24-07:00,1490133804
93abd17,93abd178716c20024422f902d2f0bc560be44dc7,2017-03-21T15:03:29-07:00,1490133809
fc6b5f5,fc6b5f523a083f9cc25156294bab4abfb3288663,2017-03-21T15:07:16-07:00,1490134036
4b7989b,4b7989b10321e5558fc00c93408c6631f9fc604d,2017-03-21T15:07:18-07:00,1490134038
1790f4f,1790f4fea04c2401feda0c96e35a3b50b1ba4fe3,2017-03-22T14:55:11-07:00,1490219711
c1d44ce,c1d44cee954b46b5fce729ba31d9674fe527b868,2017-03-22T15:34:39-07:00,1490222079
eb7b974,eb7b9749f2b7bc0d0e0ac2c68d98cf1b8f4a2761,2017-03-22T15:41:15-07:00,1490222475
b643827,b643827b9443deadaa5804998116107953f8b42f,2017-03-23T10:02:55-07:00,1490288575
15b4a16,15b4a163950c2e8660a7797ce3975ccea8705f80,2017-03-23T11:18:22-07:00,1490293102
3e5b36c,3e5b36c6378da0be3f5371cb1f2a3f84e1952fae,2017-03-23T11:22:01-07:00,1490293321
7826a78,7826a7865c4d99e86c18e4a2bb42161f223196c9,2017-03-23T13:31:24-07:00,1490301084
b66f3b6,b66f3b6bba3a4e0210f8d63ce456f3055c8aa85d,2017-03-23T21:22:25-07:00,1490329345
846df80,846df809bc671d6487fa2be7550e3ed2b62e62f9,2017-03-24T11:00:03-07:00,1490378403
bf74804,bf748049f53cea3662b02d87cc91d44a0164e588,2017-03-24T12:15:25-07:00,1490382925
ac3f5a3,ac3f5a346860b824e083c5d305757c3260565475,2017-03-24T12:15:26-07:00,1490382926
296ab78,296ab786eed237b59f76f6411e895cc1e3ce14ab,2017-03-24T12:30:27-07:00,1490383827
7202a6f,7202a6fa8773fdcf3f374625def3c15276250b67,2017-03-24T12:34:07-07:00,1490384047
f4d3af1,f4d3af185988ad45ebc0a6dead32222cad2c03a6,2017-03-24T12:57:52-07:00,1490385472
78cf8ef,78cf8efec34c419ecea86bc8d1fe47ec0b51ba37,2017-03-24T13:07:34-07:00,1490386054
48b3693,48b3693d3cec7bd7996b1394a8df901d1fc26320,2017-03-24T13:07:38-07:00,1490386058
5028bf6,5028bf628c7ebfb85d14ec7dc296b264a1c3bcd3,2017-03-26T22:08:21-07:00,1490591301
9c4b0f6,9c4b0f66aab720a997228c071c671454196706d6,2017-03-26T22:08:21-07:00,1490591301
d0d7fed,d0d7fed1a2522cc82dfa934df0cdd362a66058b1,2017-03-27T09:48:18-07:00,1490633298
11f8457,11f8457fb9b787f350e176fd28ee8c01fd2b82d5,2017-03-27T10:23:39-07:00,1490635419
33dfb9f,33dfb9f3f2aa6b7cc3fcba84ad8ac1485272e003,2017-03-27T10:23:39-07:00,1490635419
e9dcc30,e9dcc3054fb0fdf0faafd0ef57a238f4a692fb23,2017-03-27T10:23:39-07:00,1490635419
19e02f4,19e02f4f46c46bcd2544e5811953a4ee324f2f7c,2017-03-27T10:23:39-07:00,1490635419
9476c6e,9476c6ed3dcf89b045d567c153f50de9528dd0ba,2017-03-27T10:23:39-07:00,1490635419
378dc91,378dc9103a6b36ecac5f63eb0d5a87f573081094,2017-03-27T10:23:39-07:00,1490635419
244ea1b,244ea1b5e49081530e0ba5c717db1fdbe2bda73e,2017-03-27T10:45:44-07:00,1490636744
a026bde,a026bde1ac84f90f0b82faa18890b2023c5198d5,2017-03-27T10:59:26-07:00,1490637566
789b3ef,789b3effec89e6f336726de109eb8be9dc60b7a5,2017-03-27T13:54:19-07:00,1490648059
9c44ea4,9c44ea440323e35e4a234d0d27d511e9b4d8dc21,2017-03-28T09:59:33-07:00,1490720373
cd27bc7,cd27bc7a0bdb7e62090c503b9e8ab4b4a6bb3d06,2017-03-28T13:52:19-07:00,1490734339
bb622de,bb622de88df4c013d29f5caaec521ac91ba754fd,2017-03-28T13:52:21-07:00,1490734341
2b69d31,2b69d3116ffb4a800c408b8cb0b508ca1886ea84,2017-03-28T13:52:22-07:00,1490734342
ba5e05f,ba5e05ffeff03c4835d0618ab34acb97ef753d0c,2017-03-28T13:52:25-07:00,1490734345
ef1e740,ef1e74065c19cc427c4a1b322154fd55d7a3588b,2017-03-29T10:53:35-07:00,1490810015
40069d6,40069d6e3a195c8c2414ea60ed75b84ae47f88a1,2017-03-29T17:37:21-07:00,1490834241
0730dd4,0730dd4ffb39358f30b1a956cd9182aed1958b47,2017-03-30T13:02:16-07:00,1490904136
6a97da3,6a97da396470cb85e289a4810326fd7f50062b96,2017-03-30T14:59:50-07:00,1490911190
1b7ba79,1b7ba794d21836f72e5888db63ab790077c04e1b,2017-03-31T08:33:55-07:00,1490974435
fba275d,fba275dc93319ffa31ecebe015f8cda671fcf0e5,2017-03-31T21:08:30-07:00,1491019710
54cc8ac,54cc8aca60e474e637e9d71b57ee2c6f1fb197e6,2017-04-02T09:49:24-07:00,1491151764
e3482cc,e3482ccf27b8278289f899cbb294696389a9e1c8,2017-04-12T23:17:19-07:00,1492064239
5741508,57415089bd33575bcb7e134ddb2e1eacee3dfaca,2017-04-13T15:51:19-07:00,1492123879
882add1,882add136fa8319832ef373b8797ef58edb80efc,2017-04-13T17:53:08-07:00,1492131188
3e8b7d3,3e8b7d3c77c464b29f7f3e0627ca7354f7de433a,2017-04-13T18:33:11-07:00,1492133591
7d2df05,7d2df051d05bc65a0a540ba080f07b421b4d99d7,2017-04-14T03:53:25-07:00,1492167205
a33fc72,a33fc72fe911fdb8e284c94e08e8f1dafe4d3187,2017-04-15T00:58:36-07:00,1492243116
22e5ae5,22e5ae5c8e6859e5670a2c6bbf5798778373144c,2017-04-16T17:48:00-07:00,1492390080
ef09036,ef09036cf34c2e5704c753a4ffb3c947a89402af,2017-04-16T18:06:50-07:00,1492391210
0c064d9,0c064d907b5d96cb4f68c9f1f3214b115d43436e,2017-04-16T18:24:29-07:00,1492392269
ac8ce18,ac8ce18d89acccaa7a66900adff75d4aeb6ec80b,2017-04-16T21:27:39-07:00,1492403259
f890db8,f890db83ee426f4bda0458728e813e45cc8531a7,2017-04-16T21:32:46-07:00,1492403566
c48f4b3,c48f4b379eb3a0d093f5a87cce1d2ed6c175104f,2017-04-17T19:18:40-07:00,1492481920
2cfe66a,2cfe66a8ee57fb3da18c262db8e6df95e263510b,2017-04-18T18:01:41-07:00,1492563701
3a30033,3a30033327337323e91dcbcb87396d3245260585,2017-04-20T17:55:32-07:00,1492736132
5d2993b,5d2993b6eabb0e0efdbe17bd43a3bec07a1670be,2017-04-20T22:02:14-07:00,1492750934
5938454,5938454cbc585e0f4bdd9f1cc87c6886a3c1bff3,2017-04-23T22:07:57-07:00,1493010477
758c1f9,758c1f9d1bcab5115f5d9e990c952602ea58a161,2017-04-24T21:43:21-07:00,1493095401
af95749,af95749f9b06467e7536da24432b00989a7c8c5a,2017-04-24T22:10:51-07:00,1493097051
4d0912a,4d0912a206a32e9763424363617e8425f049f344,2017-04-24T23:39:47-07:00,1493102387
38124a4,38124a40e480c1717326b7bc27bcbca758de908e,2017-04-25T18:45:29-07:00,1493171129
768c7cb,768c7cb710a970a522320f712f028f17eabc66ed,2017-04-26T15:39:02+09:00,1493188742
c9672ba,c9672ba4c86a5fb18ea20d1c4a2c0eb6a731f3cb,2017-04-26T15:39:05+09:00,1493188745
b80f629,b80f629f5bcf798a3c9b37651d2369ad555e7382,2017-04-26T15:39:08+09:00,1493188748
77b34ea,77b34eaa0777020abb41096106e1c2f19b0a87c5,2017-04-26T15:39:13+09:00,1493188753
c4b4968,c4b4968397ca98112205c94fa3d70ae3aedbc475,2017-04-26T18:23:19-07:00,1493256199
dddbad7,dddbad728c93280fe54ef86699b6d70e2aab44d1,2017-04-27T13:07:39+09:00,1493266059
f131db9,f131db9e3166c528d3b0352b653eb0d9deca5a65,2017-04-27T14:38:50+09:00,1493271530
75177c8,75177c8591aee23374c2ead9c9505ce989a8eec2,2017-04-28T11:40:52+09:00,1493347252
7895b2b,7895b2b448ca6f8a34265b452cf5db1435828ce4,2017-04-29T10:01:41+08:00,1493431301
01e60a9,01e60a9a22fea0d10fe869b36d406b2eac131476,2017-05-01T09:08:10+09:00,1493597290
c3027be,c3027be9d1962b3bf839f8e04eb05a86bc871ee9,2017-05-01T11:08:02+09:00,1493604482
28d67d9,28d67d9a262c7600f5c17bb8e2072fd224260ade,2017-05-01T11:09:42+09:00,1493604582
d1a8460,d1a8460caac1a19457e352a6b610b7bc89cd56d9,2017-05-01T12:19:06+09:00,1493608746
b439747,b439747bc1074f6f325987d6f2b1a38119d3b863,2017-05-01T14:14:41+09:00,1493615681
1b28337,1b283377b18bc1e363005729b025a88b36084c4e,2017-05-02T10:46:41+09:00,1493689601
511dca8,511dca80cce868237b2b64f909ed83863fcf5455,2017-05-02T10:46:41+09:00,1493689601
b8607f3,b8607f35b180a00b3f3240ff7d26d034a83fb23a,2017-05-02T10:46:41+09:00,1493689601
8bc095f,8bc095f7d5b847501e06e8bc1eafc50a314b99b9,2017-05-02T10:48:02+09:00,1493689682
515360f,515360f9e9be976344e3d21cf6f28dcd2ff3c4f9,2017-05-02T10:58:06+09:00,1493690286
a17062c,a17062cf42556593fb73547e613b0be867026257,2017-05-04T13:42:04+09:00,1493872924
6fa68ff,6fa68ff28856f85f8633ea054856e98962f167d0,2017-05-04T14:50:40+09:00,1493877040
fa675eb,fa675ebd998bcbf6192b95bb0fe70f345c06d07d,2017-05-04T16:26:44+09:00,1493882804
90117bd,90117bda026bb10dbc6a15b77751be4f83b31d7d,2017-05-05T09:30:33+08:00,1493947833
694c76f,694c76f5c12fe533db00568dbea4b5cfc00e2d5f,2017-05-05T09:35:22+08:00,1493948122
3ec8044,3ec804490a265f4c418a321428c12f3f18b7eff5,2017-05-05T12:07:27+09:00,1493953647
531788a,531788af951cbaf5356363f66c54594b555bdde3,2017-05-05T12:46:53+09:00,1493956013
ab37a18,ab37a18b60b4f061de8239256589faeaab630ff8,2017-05-05T12:52:26+09:00,1493956346
dc58c85,dc58c8554ab9ca8ae12944ce5a311a39d93835eb,2017-05-05T12:59:16+09:00,1493956756
a8d93d1,a8d93d19a2fede14a35db163a1fd3bc87b6ac41d,2017-05-05T13:05:03+09:00,1493957103
c93ab42,c93ab42b7480a2c317713385f5ef3f8f2b099c2b,2017-05-05T13:13:48+09:00,1493957628
fc92b08,fc92b0878ccaa128e7c4505788f7c477284f0021,2017-05-05T13:21:52+09:00,1493958112
a849d36,a849d36cf2877a1890371851710382f463290978,2017-05-05T13:26:31+09:00,1493958391
ebb1f6f,ebb1f6fe9d741151a737a8d509fab7339f18af63,2017-05-05T13:31:40+09:00,1493958700
72dd4a8,72dd4a8e40c56efcff4a81f0a16a200497fdf74f,2017-05-05T13:41:32+07:00,1493966492
f9d7abe,f9d7abec2ad2f9eb3d8873169cc28c34273df082,2017-05-08T10:50:20+09:00,1494208220
070e5f7,070e5f72d9d6f0056895bd3222e75f8075ed4c0e,2017-05-08T10:57:26+09:00,1494208646
79e913c,79e913c24aa37d0ede9ed9e8962a19634ae5129a,2017-05-08T11:12:09+09:00,1494209529
1a845a2,1a845a2c88e5b72acce33c9719ec36fcd0f9c877,2017-05-08T12:18:19+09:00,1494213499
569aa37,569aa376ea2bb3f27f6248543f3df91c71e612d6,2017-05-08T15:12:57+09:00,1494223977
eee886c,eee886cfb0de096a4b0144bba4fddaf1db0a4555,2017-05-08T15:12:57+09:00,1494223977
8eb9460,8eb9460045e44065a85c1dc735bbb8fcba776146,2017-05-08T15:12:57+09:00,1494223977
e92b848,e92b848cb6a77172d2fbd2bda39a32e371d40eea,2017-05-08T15:12:57+09:00,1494223977
bc83266,bc83266abe36905cade4719cbaeb8a62d0a382da,2017-05-08T15:12:57+09:00,1494223977
3aca1fc,3aca1fc6c9c69fbfce0e6312fc8e3087cb6334a4,2017-05-08T15:12:57+09:00,1494223977
9fd7504,9fd750461befcaf984d5966606308c8cd6912f3c,2017-05-08T15:12:57+09:00,1494223977
9850fe5,9850fe5d95ac14585998e6ebeaf158c976954b1b,2017-05-08T15:12:58+09:00,1494223978
cf93982,cf93982faefd3a9a488ea9a68c60e3a81a4e0432,2017-05-08T15:12:58+09:00,1494223978
4939e2c,4939e2c435529095059faa72a4004a4849fb8682,2017-05-08T15:12:58+09:00,1494223978
f06e90d,f06e90dac1f63f46d299ca728464fb0a450f6972,2017-05-08T15:12:58+09:00,1494223978
f172ad6,f172ad627553dfd0cbb47e7a5726eb1677dea2bd,2017-05-09T06:18:53+08:00,1494281933
9df4a60,9df4a6074a98740b70b980d43dca5203db0ff688,2017-05-09T12:07:24+09:00,1494299244
9b66978,9b669787fc6ebc527df9ad058c4bcaf46bacc267,2017-05-09T12:17:42+09:00,1494299862
